tahun,negara,id_negara,provinsi,id_provinsi,pulau,id_pulau,luas_hutan_ha,emisi_co2_ton,deforestasi_ha
2013,INDONESIA,ID,ACEH,ID-11,SUMATERA,ID-SM,3460246.607,5802208.499,14617.30341
2014,INDONESIA,ID,ACEH,ID-11,SUMATERA,ID-SM,3439432.938,8404579.731,20813.66859
2015,INDONESIA,ID,ACEH,ID-11,SUMATERA,ID-SM,3426646.313,5427615.739,12786.62541
2016,INDONESIA,ID,ACEH,ID-11,SUMATERA,ID-SM,3411504.748,6444893.766,15141.56506
2017,INDONESIA,ID,ACEH,ID-11,SUMATERA,ID-SM,3398590.915,5526883.381,12913.83318
2018,INDONESIA,ID,ACEH,ID-11,SUMATERA,ID-SM,3385312.295,5787389.827,13278.62012
2019,INDONESIA,ID,ACEH,ID-11,SUMATERA,ID-SM,3377339.345,3562152.599,7972.95
2020,INDONESIA,ID,ACEH,ID-11,SUMATERA,ID-SM,3369827.023,3266733.032,7512.321529
2021,INDONESIA,ID,ACEH,ID-11,SUMATERA,ID-SM,3362802.118,3056592.581,7024.905529
2022,INDONESIA,ID,ACEH,ID-11,SUMATERA,ID-SM,3355018.402,3297145.592,7783.715647
2013,INDONESIA,ID,BALI,ID-51,NUSA TENGGARA,ID-NU,63623.54082,359.4470616,0.81
2014,INDONESIA,ID,BALI,ID-51,NUSA TENGGARA,ID-NU,63609.41082,6578.929737,14.13
2015,INDONESIA,ID,BALI,ID-51,NUSA TENGGARA,ID-NU,63600.14082,3591.480652,9.27
2016,INDONESIA,ID,BALI,ID-51,NUSA TENGGARA,ID-NU,63570.44082,12703.65461,29.7
2017,INDONESIA,ID,BALI,ID-51,NUSA TENGGARA,ID-NU,63564.32082,2479.934756,6.12
2018,INDONESIA,ID,BALI,ID-51,NUSA TENGGARA,ID-NU,63465.41082,43161.70183,98.91
2019,INDONESIA,ID,BALI,ID-51,NUSA TENGGARA,ID-NU,63403.40118,26116.30584,62.00964706
2020,INDONESIA,ID,BALI,ID-51,NUSA TENGGARA,ID-NU,63342.47118,26007.52513,60.93
2021,INDONESIA,ID,BALI,ID-51,NUSA TENGGARA,ID-NU,63307.28153,15636.92122,35.18964706
2022,INDONESIA,ID,BALI,ID-51,NUSA TENGGARA,ID-NU,63264.08153,17891.80289,43.2
2013,INDONESIA,ID,BANTEN,ID-36,JAWA,ID-JW,65845.03165,310.1484028,0.81
2014,INDONESIA,ID,BANTEN,ID-36,JAWA,ID-JW,65838.45071,1300.288328,6.580941176
2015,INDONESIA,ID,BANTEN,ID-36,JAWA,ID-JW,65836.92071,257.41947,1.53
2016,INDONESIA,ID,BANTEN,ID-36,JAWA,ID-JW,65751.33106,27122.77123,85.58964706
2017,INDONESIA,ID,BANTEN,ID-36,JAWA,ID-JW,65742.26118,1681.001981,9.069882353
2018,INDONESIA,ID,BANTEN,ID-36,JAWA,ID-JW,65731.99624,3435.669115,10.26494118
2019,INDONESIA,ID,BANTEN,ID-36,JAWA,ID-JW,65149.35035,153408.7438,582.6458824
2020,INDONESIA,ID,BANTEN,ID-36,JAWA,ID-JW,65099.87612,14144.54015,49.47423529
2021,INDONESIA,ID,BANTEN,ID-36,JAWA,ID-JW,65087.01565,3152.96133,12.86047059
2022,INDONESIA,ID,BANTEN,ID-36,JAWA,ID-JW,65084.13565,910.1903897,2.88
2013,INDONESIA,ID,BENGKULU,ID-17,SUMATERA,ID-SM,238466.3001,967450.7982,1732.230353
2014,INDONESIA,ID,BENGKULU,ID-17,SUMATERA,ID-SM,236825.544,894209.733,1640.756118
2015,INDONESIA,ID,BENGKULU,ID-17,SUMATERA,ID-SM,234659.1335,1162870.421,2166.410471
2016,INDONESIA,ID,BENGKULU,ID-17,SUMATERA,ID-SM,232705.3454,1040482.965,1953.788118
2017,INDONESIA,ID,BENGKULU,ID-17,SUMATERA,ID-SM,230034.6635,1443635.569,2670.681882
2018,INDONESIA,ID,BENGKULU,ID-17,SUMATERA,ID-SM,228050.0301,1054876.21,1984.633412
2019,INDONESIA,ID,BENGKULU,ID-17,SUMATERA,ID-SM,226999.6609,566287.6162,1050.369176
2020,INDONESIA,ID,BENGKULU,ID-17,SUMATERA,ID-SM,226017.0784,519810.5935,982.5825882
2021,INDONESIA,ID,BENGKULU,ID-17,SUMATERA,ID-SM,224847.6773,641932.6371,1169.401059
2022,INDONESIA,ID,BENGKULU,ID-17,SUMATERA,ID-SM,222415.8716,1299372.964,2431.805647
2013,INDONESIA,ID,D I YOGYAKARTA,ID-34,JAWA,ID-JW,10.8,0.0,0.0
2014,INDONESIA,ID,D I YOGYAKARTA,ID-34,JAWA,ID-JW,10.8,0.0,0.0
2015,INDONESIA,ID,D I YOGYAKARTA,ID-34,JAWA,ID-JW,10.8,0.0,0.0
2016,INDONESIA,ID,D I YOGYAKARTA,ID-34,JAWA,ID-JW,10.8,0.0,0.0
2017,INDONESIA,ID,D I YOGYAKARTA,ID-34,JAWA,ID-JW,10.8,0.0,0.0
2018,INDONESIA,ID,D I YOGYAKARTA,ID-34,JAWA,ID-JW,10.8,0.0,0.0
2019,INDONESIA,ID,D I YOGYAKARTA,ID-34,JAWA,ID-JW,10.8,0.0,0.0
2020,INDONESIA,ID,D I YOGYAKARTA,ID-34,JAWA,ID-JW,10.8,0.0,0.0
2021,INDONESIA,ID,D I YOGYAKARTA,ID-34,JAWA,ID-JW,9.81,323.1136923,0.99
2022,INDONESIA,ID,D I YOGYAKARTA,ID-34,JAWA,ID-JW,9.72,28.90801284,0.09
2013,INDONESIA,ID,DKI JAKARTA,ID-31,JAWA,ID-JW,48.39564706,0.0,0.0
2014,INDONESIA,ID,DKI JAKARTA,ID-31,JAWA,ID-JW,48.39564706,0.0,0.0
2015,INDONESIA,ID,DKI JAKARTA,ID-31,JAWA,ID-JW,48.39564706,0.0,0.0
2016,INDONESIA,ID,DKI JAKARTA,ID-31,JAWA,ID-JW,48.39564706,0.0,0.0
2017,INDONESIA,ID,DKI JAKARTA,ID-31,JAWA,ID-JW,48.39564706,0.0,0.0
2018,INDONESIA,ID,DKI JAKARTA,ID-31,JAWA,ID-JW,48.39564706,0.0,0.0
2019,INDONESIA,ID,DKI JAKARTA,ID-31,JAWA,ID-JW,48.39564706,0.0,0.0
2020,INDONESIA,ID,DKI JAKARTA,ID-31,JAWA,ID-JW,48.39564706,0.0,0.0
2021,INDONESIA,ID,DKI JAKARTA,ID-31,JAWA,ID-JW,48.39564706,0.0,0.0
2022,INDONESIA,ID,DKI JAKARTA,ID-31,JAWA,ID-JW,48.39564706,0.0,0.0
2013,INDONESIA,ID,GORONTALO,ID-75,SULAWESI,ID-SL,330585.4768,1991249.479,3836.126471
2014,INDONESIA,ID,GORONTALO,ID-75,SULAWESI,ID-SL,324774.9889,2879610.837,5810.487882
2015,INDONESIA,ID,GORONTALO,ID-75,SULAWESI,ID-SL,319412.4462,2660901.624,5362.542706
2016,INDONESIA,ID,GORONTALO,ID-75,SULAWESI,ID-SL,315783.7659,1776021.268,3628.680353
2017,INDONESIA,ID,GORONTALO,ID-75,SULAWESI,ID-SL,314223.0222,737377.9186,1560.743647
2018,INDONESIA,ID,GORONTALO,ID-75,SULAWESI,ID-SL,311962.0761,1134577.454,2260.946118
2019,INDONESIA,ID,GORONTALO,ID-75,SULAWESI,ID-SL,310155.1514,871757.4556,1806.924706
2020,INDONESIA,ID,GORONTALO,ID-75,SULAWESI,ID-SL,309393.8541,369924.5605,761.2972941
2021,INDONESIA,ID,GORONTALO,ID-75,SULAWESI,ID-SL,309076.6119,155887.6073,317.2422353
2022,INDONESIA,ID,GORONTALO,ID-75,SULAWESI,ID-SL,308567.0552,262598.9948,509.5567059
2013,INDONESIA,ID,JAMBI,ID-15,SUMATERA,ID-SM,1707816.733,11720474.86,28880.66541
2014,INDONESIA,ID,JAMBI,ID-15,SUMATERA,ID-SM,1680991.662,11054496.95,26825.07106
2015,INDONESIA,ID,JAMBI,ID-15,SUMATERA,ID-SM,1656067.493,10001186.8,24924.16835
2016,INDONESIA,ID,JAMBI,ID-15,SUMATERA,ID-SM,1545354.107,43971351.24,110713.386
2017,INDONESIA,ID,JAMBI,ID-15,SUMATERA,ID-SM,1528100.355,7589012.544,17253.75247
2018,INDONESIA,ID,JAMBI,ID-15,SUMATERA,ID-SM,1515514.64,5290491.249,12585.71506
2019,INDONESIA,ID,JAMBI,ID-15,SUMATERA,ID-SM,1479650.623,14733726.11,35864.01671
2020,INDONESIA,ID,JAMBI,ID-15,SUMATERA,ID-SM,1466060.651,5864688.73,13589.97176
2021,INDONESIA,ID,JAMBI,ID-15,SUMATERA,ID-SM,1456638.479,3934754.515,9422.172
2022,INDONESIA,ID,JAMBI,ID-15,SUMATERA,ID-SM,1445552.749,4921584.048,11085.72988
2013,INDONESIA,ID,JAWA BARAT,ID-32,JAWA,ID-JW,292454.8599,50996.25846,115.9154118
2014,INDONESIA,ID,JAWA BARAT,ID-32,JAWA,ID-JW,292240.1432,99782.96929,214.7167059
2015,INDONESIA,ID,JAWA BARAT,ID-32,JAWA,ID-JW,292178.0432,29286.93901,62.1
2016,INDONESIA,ID,JAWA BARAT,ID-32,JAWA,ID-JW,291827.2401,172749.3289,350.8030588
2017,INDONESIA,ID,JAWA BARAT,ID-32,JAWA,ID-JW,291664.7933,72706.13424,162.4468235
2018,INDONESIA,ID,JAWA BARAT,ID-32,JAWA,ID-JW,291566.6153,42314.43882,98.178
2019,INDONESIA,ID,JAWA BARAT,ID-32,JAWA,ID-JW,291500.5578,29449.6766,66.05752941
2020,INDONESIA,ID,JAWA BARAT,ID-32,JAWA,ID-JW,291361.5088,65500.09462,139.0489412
2021,INDONESIA,ID,JAWA BARAT,ID-32,JAWA,ID-JW,291284.4724,32949.58197,77.03647059
2022,INDONESIA,ID,JAWA BARAT,ID-32,JAWA,ID-JW,291174.0431,51781.5993,110.4292941
2013,INDONESIA,ID,JAWA TENGAH,ID-33,JAWA,ID-JW,87613.61118,5942.868005,11.88
2014,INDONESIA,ID,JAWA TENGAH,ID-33,JAWA,ID-JW,87557.99118,25204.12042,55.62
2015,INDONESIA,ID,JAWA TENGAH,ID-33,JAWA,ID-JW,87532.70118,11289.86695,25.29
2016,INDONESIA,ID,JAWA TENGAH,ID-33,JAWA,ID-JW,87466.64259,30842.57189,66.05858824
2017,INDONESIA,ID,JAWA TENGAH,ID-33,JAWA,ID-JW,87354.05471,54479.1495,112.5878824
2018,INDONESIA,ID,JAWA TENGAH,ID-33,JAWA,ID-JW,87331.91647,8143.647662,22.13823529
2019,INDONESIA,ID,JAWA TENGAH,ID-33,JAWA,ID-JW,87297.17647,15118.93011,34.74
2020,INDONESIA,ID,JAWA TENGAH,ID-33,JAWA,ID-JW,87218.26729,32566.11163,78.90917647
2021,INDONESIA,ID,JAWA TENGAH,ID-33,JAWA,ID-JW,87100.09976,55484.10351,118.1675294
2022,INDONESIA,ID,JAWA TENGAH,ID-33,JAWA,ID-JW,87051.32153,22196.72204,48.77823529
2013,INDONESIA,ID,JAWA TIMUR,ID-35,JAWA,ID-JW,261583.5526,45402.21878,113.76
2014,INDONESIA,ID,JAWA TIMUR,ID-35,JAWA,ID-JW,260856.5679,303541.6701,726.9847059
2015,INDONESIA,ID,JAWA TIMUR,ID-35,JAWA,ID-JW,260721.2082,56107.58748,135.3596471
2016,INDONESIA,ID,JAWA TIMUR,ID-35,JAWA,ID-JW,260343.3925,168894.9223,377.8157647
2017,INDONESIA,ID,JAWA TIMUR,ID-35,JAWA,ID-JW,260205.9653,58661.48615,137.4271765
2018,INDONESIA,ID,JAWA TIMUR,ID-35,JAWA,ID-JW,260075.8264,56238.19198,130.1389412
2019,INDONESIA,ID,JAWA TIMUR,ID-35,JAWA,ID-JW,259799.2599,121293.5902,276.5664706
2020,INDONESIA,ID,JAWA TIMUR,ID-35,JAWA,ID-JW,258989.3615,353165.7899,809.8983529
2021,INDONESIA,ID,JAWA TIMUR,ID-35,JAWA,ID-JW,258890.8115,42140.98231,98.55
2022,INDONESIA,ID,JAWA TIMUR,ID-35,JAWA,ID-JW,258780.8315,46633.77774,109.98
2013,INDONESIA,ID,KALIMANTAN BARAT,ID-61,KALIMANTAN,ID-KA,8945213.122,35840024.0,90807.70976
2014,INDONESIA,ID,KALIMANTAN BARAT,ID-61,KALIMANTAN,ID-KA,8829406.487,45525509.48,115806.6356
2015,INDONESIA,ID,KALIMANTAN BARAT,ID-61,KALIMANTAN,ID-KA,8713610.996,43999168.9,115795.4908
2016,INDONESIA,ID,KALIMANTAN BARAT,ID-61,KALIMANTAN,ID-KA,8627890.125,33902159.72,85720.87024
2017,INDONESIA,ID,KALIMANTAN BARAT,ID-61,KALIMANTAN,ID-KA,8585280.723,18041775.39,42609.40271
2018,INDONESIA,ID,KALIMANTAN BARAT,ID-61,KALIMANTAN,ID-KA,8551054.013,14789505.98,34226.71024
2019,INDONESIA,ID,KALIMANTAN BARAT,ID-61,KALIMANTAN,ID-KA,8504071.826,18002831.62,46982.18612
2020,INDONESIA,ID,KALIMANTAN BARAT,ID-61,KALIMANTAN,ID-KA,8469772.509,14917028.48,34299.31694
2021,INDONESIA,ID,KALIMANTAN BARAT,ID-61,KALIMANTAN,ID-KA,8445489.069,10664493.26,24283.44035
2022,INDONESIA,ID,KALIMANTAN BARAT,ID-61,KALIMANTAN,ID-KA,8411437.014,14436589.08,34052.05518
2013,INDONESIA,ID,KALIMANTAN SELATAN,ID-63,KALIMANTAN,ID-KA,942286.6186,2957811.035,7533.393882
2014,INDONESIA,ID,KALIMANTAN SELATAN,ID-63,KALIMANTAN,ID-KA,932941.2116,3507708.663,9345.406941
2015,INDONESIA,ID,KALIMANTAN SELATAN,ID-63,KALIMANTAN,ID-KA,918116.4893,5712274.217,14824.72235
2016,INDONESIA,ID,KALIMANTAN SELATAN,ID-63,KALIMANTAN,ID-KA,901612.848,7265133.101,16503.64129
2017,INDONESIA,ID,KALIMANTAN SELATAN,ID-63,KALIMANTAN,ID-KA,891642.8679,3883136.281,9969.980118
2018,INDONESIA,ID,KALIMANTAN SELATAN,ID-63,KALIMANTAN,ID-KA,883951.8988,3020864.879,7690.969059
2019,INDONESIA,ID,KALIMANTAN SELATAN,ID-63,KALIMANTAN,ID-KA,876978.0515,2621428.091,6973.847294
2020,INDONESIA,ID,KALIMANTAN SELATAN,ID-63,KALIMANTAN,ID-KA,871029.0667,2232076.734,5948.984824
2021,INDONESIA,ID,KALIMANTAN SELATAN,ID-63,KALIMANTAN,ID-KA,868196.9838,1214816.798,2832.082941
2022,INDONESIA,ID,KALIMANTAN SELATAN,ID-63,KALIMANTAN,ID-KA,864138.6459,1594748.617,4058.337882
2013,INDONESIA,ID,KALIMANTAN TENGAH,ID-62,KALIMANTAN,ID-KA,7322073.089,19326868.42,46394.44341
2014,INDONESIA,ID,KALIMANTAN TENGAH,ID-62,KALIMANTAN,ID-KA,7247139.761,30485278.69,74933.32871
2015,INDONESIA,ID,KALIMANTAN TENGAH,ID-62,KALIMANTAN,ID-KA,7150386.881,36749590.56,96752.87929
2016,INDONESIA,ID,KALIMANTAN TENGAH,ID-62,KALIMANTAN,ID-KA,6849605.178,104763700.7,300781.7036
2017,INDONESIA,ID,KALIMANTAN TENGAH,ID-62,KALIMANTAN,ID-KA,6812597.181,16425088.62,37007.99612
2018,INDONESIA,ID,KALIMANTAN TENGAH,ID-62,KALIMANTAN,ID-KA,6769456.83,19579331.09,43140.35188
2019,INDONESIA,ID,KALIMANTAN TENGAH,ID-62,KALIMANTAN,ID-KA,6709267.937,21473280.72,60188.89235
2020,INDONESIA,ID,KALIMANTAN TENGAH,ID-62,KALIMANTAN,ID-KA,6669163.53,17740906.61,40104.40765
2021,INDONESIA,ID,KALIMANTAN TENGAH,ID-62,KALIMANTAN,ID-KA,6649166.522,9101976.367,19997.00753
2022,INDONESIA,ID,KALIMANTAN TENGAH,ID-62,KALIMANTAN,ID-KA,6619953.815,12986125.62,29212.70753
2013,INDONESIA,ID,KALIMANTAN TIMUR,ID-64,KALIMANTAN,ID-KA,6292546.285,20028963.17,40688.29835
2014,INDONESIA,ID,KALIMANTAN TIMUR,ID-64,KALIMANTAN,ID-KA,6234303.76,28254880.64,58242.52553
2015,INDONESIA,ID,KALIMANTAN TIMUR,ID-64,KALIMANTAN,ID-KA,6190179.649,21233931.79,44124.11118
2016,INDONESIA,ID,KALIMANTAN TIMUR,ID-64,KALIMANTAN,ID-KA,6138504.967,24671941.94,51674.68165
2017,INDONESIA,ID,KALIMANTAN TIMUR,ID-64,KALIMANTAN,ID-KA,6105502.353,15910533.16,33002.61353
2018,INDONESIA,ID,KALIMANTAN TIMUR,ID-64,KALIMANTAN,ID-KA,6061168.209,22025777.35,44334.144
2019,INDONESIA,ID,KALIMANTAN TIMUR,ID-64,KALIMANTAN,ID-KA,6026776.424,17111261.51,34391.78541
2020,INDONESIA,ID,KALIMANTAN TIMUR,ID-64,KALIMANTAN,ID-KA,6008484.42,8834126.869,18292.00447
2021,INDONESIA,ID,KALIMANTAN TIMUR,ID-64,KALIMANTAN,ID-KA,5993452.73,7150128.044,15031.68918
2022,INDONESIA,ID,KALIMANTAN TIMUR,ID-64,KALIMANTAN,ID-KA,5978207.503,7422790.696,15245.22776
2013,INDONESIA,ID,KALIMANTAN UTARA,ID-65,KALIMANTAN,ID-KA,3756149.811,10450067.27,22215.14718
2014,INDONESIA,ID,KALIMANTAN UTARA,ID-65,KALIMANTAN,ID-KA,3721919.468,16068240.18,34230.34341
2015,INDONESIA,ID,KALIMANTAN UTARA,ID-65,KALIMANTAN,ID-KA,3694666.768,12858124.88,27252.69953
2016,INDONESIA,ID,KALIMANTAN UTARA,ID-65,KALIMANTAN,ID-KA,3676075.104,8465216.09,18591.66459
2017,INDONESIA,ID,KALIMANTAN UTARA,ID-65,KALIMANTAN,ID-KA,3659220.358,7755482.582,16854.74541
2018,INDONESIA,ID,KALIMANTAN UTARA,ID-65,KALIMANTAN,ID-KA,3641092.106,8443201.785,18128.25176
2019,INDONESIA,ID,KALIMANTAN UTARA,ID-65,KALIMANTAN,ID-KA,3625698.047,6901429.441,15394.05953
2020,INDONESIA,ID,KALIMANTAN UTARA,ID-65,KALIMANTAN,ID-KA,3612918.622,5826097.33,12779.42506
2021,INDONESIA,ID,KALIMANTAN UTARA,ID-65,KALIMANTAN,ID-KA,3601514.463,5436850.553,11404.15906
2022,INDONESIA,ID,KALIMANTAN UTARA,ID-65,KALIMANTAN,ID-KA,3590510.554,5265480.256,11003.90859
2013,INDONESIA,ID,KEP. BANGKA BELITUNG,ID-19,SUMATERA,ID-SM,226467.3713,1323822.404,3657.035294
2014,INDONESIA,ID,KEP. BANGKA BELITUNG,ID-19,SUMATERA,ID-SM,219683.8927,2425116.415,6783.478588
2015,INDONESIA,ID,KEP. BANGKA BELITUNG,ID-19,SUMATERA,ID-SM,212628.6141,2546063.462,7055.278588
2016,INDONESIA,ID,KEP. BANGKA BELITUNG,ID-19,SUMATERA,ID-SM,201020.6008,3643153.418,11608.01329
2017,INDONESIA,ID,KEP. BANGKA BELITUNG,ID-19,SUMATERA,ID-SM,198410.712,937413.343,2609.888824
2018,INDONESIA,ID,KEP. BANGKA BELITUNG,ID-19,SUMATERA,ID-SM,196365.1129,667860.3198,2045.599059
2019,INDONESIA,ID,KEP. BANGKA BELITUNG,ID-19,SUMATERA,ID-SM,194503.0274,624592.0797,1862.085529
2020,INDONESIA,ID,KEP. BANGKA BELITUNG,ID-19,SUMATERA,ID-SM,192064.2406,799320.2126,2438.786824
2021,INDONESIA,ID,KEP. BANGKA BELITUNG,ID-19,SUMATERA,ID-SM,189328.6271,909953.6136,2735.613529
2022,INDONESIA,ID,KEP. BANGKA BELITUNG,ID-19,SUMATERA,ID-SM,187000.9059,781171.9991,2327.721176
2013,INDONESIA,ID,KEP. RIAU,ID-21,SUMATERA,ID-SM,209570.7134,920680.3246,2249.683765
2014,INDONESIA,ID,KEP. RIAU,ID-21,SUMATERA,ID-SM,201303.4754,3390726.991,8267.238
2015,INDONESIA,ID,KEP. RIAU,ID-21,SUMATERA,ID-SM,199847.9301,570515.413,1455.545294
2016,INDONESIA,ID,KEP. RIAU,ID-21,SUMATERA,ID-SM,196828.296,1055110.566,3019.634118
2017,INDONESIA,ID,KEP. RIAU,ID-21,SUMATERA,ID-SM,195093.1419,626669.4068,1735.154118
2018,INDONESIA,ID,KEP. RIAU,ID-21,SUMATERA,ID-SM,193762.5148,467849.0286,1330.627059
2019,INDONESIA,ID,KEP. RIAU,ID-21,SUMATERA,ID-SM,192029.3146,616948.6743,1733.200235
2020,INDONESIA,ID,KEP. RIAU,ID-21,SUMATERA,ID-SM,190397.2002,542901.0314,1632.114353
2021,INDONESIA,ID,KEP. RIAU,ID-21,SUMATERA,ID-SM,189703.1209,220955.2616,694.0792941
2022,INDONESIA,ID,KEP. RIAU,ID-21,SUMATERA,ID-SM,188972.4155,258001.6641,730.7054118
2013,INDONESIA,ID,LAMPUNG,ID-18,SUMATERA,ID-SM,259593.6064,61492.10552,137.9682353
2014,INDONESIA,ID,LAMPUNG,ID-18,SUMATERA,ID-SM,258986.814,308373.6007,606.7923529
2015,INDONESIA,ID,LAMPUNG,ID-18,SUMATERA,ID-SM,258221.2747,359149.1602,765.5392941
2016,INDONESIA,ID,LAMPUNG,ID-18,SUMATERA,ID-SM,256743.4052,502783.7988,1477.869529
2017,INDONESIA,ID,LAMPUNG,ID-18,SUMATERA,ID-SM,256149.8629,261421.7182,593.5422353
2018,INDONESIA,ID,LAMPUNG,ID-18,SUMATERA,ID-SM,255867.4468,138586.274,282.4161176
2019,INDONESIA,ID,LAMPUNG,ID-18,SUMATERA,ID-SM,255333.2107,227623.216,534.2361176
2020,INDONESIA,ID,LAMPUNG,ID-18,SUMATERA,ID-SM,254911.4742,137681.9316,421.7364706
2021,INDONESIA,ID,LAMPUNG,ID-18,SUMATERA,ID-SM,254770.3578,62170.64179,141.1164706
2022,INDONESIA,ID,LAMPUNG,ID-18,SUMATERA,ID-SM,254366.4798,163209.5954,403.878
2013,INDONESIA,ID,MALUKU,ID-81,MALUKU,ID-ML,3060567.918,829957.8548,1590.526941
2014,INDONESIA,ID,MALUKU,ID-81,MALUKU,ID-ML,3056891.661,1769583.118,3676.256471
2015,INDONESIA,ID,MALUKU,ID-81,MALUKU,ID-ML,3031827.304,12645982.32,25064.35729
2016,INDONESIA,ID,MALUKU,ID-81,MALUKU,ID-ML,3017963.046,6901823.081,13864.25788
2017,INDONESIA,ID,MALUKU,ID-81,MALUKU,ID-ML,3015180.103,1358613.133,2782.942941
2018,INDONESIA,ID,MALUKU,ID-81,MALUKU,ID-ML,3010562.916,2270467.117,4617.187059
2019,INDONESIA,ID,MALUKU,ID-81,MALUKU,ID-ML,3004501.264,3025392.276,6061.652471
2020,INDONESIA,ID,MALUKU,ID-81,MALUKU,ID-ML,3002580.221,916297.6087,1921.042588
2021,INDONESIA,ID,MALUKU,ID-81,MALUKU,ID-ML,3001192.451,666604.2675,1387.770353
2022,INDONESIA,ID,MALUKU,ID-81,MALUKU,ID-ML,2999291.06,914949.2611,1901.390471
2013,INDONESIA,ID,MALUKU UTARA,ID-82,MALUKU,ID-ML,2225945.963,1340994.225,2633.833412
2014,INDONESIA,ID,MALUKU UTARA,ID-82,MALUKU,ID-ML,2217439.94,4325732.504,8506.023529
2015,INDONESIA,ID,MALUKU UTARA,ID-82,MALUKU,ID-ML,2193799.901,11914490.21,23640.03882
2016,INDONESIA,ID,MALUKU UTARA,ID-82,MALUKU,ID-ML,2176830.315,8575119.404,16969.58576
2017,INDONESIA,ID,MALUKU UTARA,ID-82,MALUKU,ID-ML,2172905.781,1997696.975,3924.534353
2018,INDONESIA,ID,MALUKU UTARA,ID-82,MALUKU,ID-ML,2168451.155,2249495.496,4454.626235
2019,INDONESIA,ID,MALUKU UTARA,ID-82,MALUKU,ID-ML,2163283.97,2594118.81,5167.184824
2020,INDONESIA,ID,MALUKU UTARA,ID-82,MALUKU,ID-ML,2159876.623,1700898.883,3407.346706
2021,INDONESIA,ID,MALUKU UTARA,ID-82,MALUKU,ID-ML,2157183.32,1355384.861,2693.303294
2022,INDONESIA,ID,MALUKU UTARA,ID-82,MALUKU,ID-ML,2154109.591,1558391.454,3073.729059
2013,INDONESIA,ID,NUSA TENGGARA BARAT,ID-52,NUSA TENGGARA,ID-NU,449854.0465,48753.2937,138.2396471
2014,INDONESIA,ID,NUSA TENGGARA BARAT,ID-52,NUSA TENGGARA,ID-NU,449233.3232,217715.6971,620.7232941
2015,INDONESIA,ID,NUSA TENGGARA BARAT,ID-52,NUSA TENGGARA,ID-NU,448560.3971,247250.6045,672.9261176
2016,INDONESIA,ID,NUSA TENGGARA BARAT,ID-52,NUSA TENGGARA,ID-NU,447894.7581,252914.8393,665.6389412
2017,INDONESIA,ID,NUSA TENGGARA BARAT,ID-52,NUSA TENGGARA,ID-NU,447231.5509,254276.695,663.2071765
2018,INDONESIA,ID,NUSA TENGGARA BARAT,ID-52,NUSA TENGGARA,ID-NU,446591.4738,243634.4735,640.0771765
2019,INDONESIA,ID,NUSA TENGGARA BARAT,ID-52,NUSA TENGGARA,ID-NU,445081.0962,618193.084,1510.377529
2020,INDONESIA,ID,NUSA TENGGARA BARAT,ID-52,NUSA TENGGARA,ID-NU,443067.7112,875220.3282,2013.385059
2021,INDONESIA,ID,NUSA TENGGARA BARAT,ID-52,NUSA TENGGARA,ID-NU,442330.6172,302603.2107,737.094
2022,INDONESIA,ID,NUSA TENGGARA BARAT,ID-52,NUSA TENGGARA,ID-NU,441694.0578,259112.3377,636.5594118
2013,INDONESIA,ID,NUSA TENGGARA TIMUR,ID-53,NUSA TENGGARA,ID-NU,170158.3422,28348.14117,76.59
2014,INDONESIA,ID,NUSA TENGGARA TIMUR,ID-53,NUSA TENGGARA,ID-NU,170041.614,44138.93273,116.7282353
2015,INDONESIA,ID,NUSA TENGGARA TIMUR,ID-53,NUSA TENGGARA,ID-NU,169922.814,49277.6513,118.8
2016,INDONESIA,ID,NUSA TENGGARA TIMUR,ID-53,NUSA TENGGARA,ID-NU,169816.344,44050.5087,106.47
2017,INDONESIA,ID,NUSA TENGGARA TIMUR,ID-53,NUSA TENGGARA,ID-NU,169698.624,46036.62025,117.72
2018,INDONESIA,ID,NUSA TENGGARA TIMUR,ID-53,NUSA TENGGARA,ID-NU,169586.934,43886.32304,111.69
2019,INDONESIA,ID,NUSA TENGGARA TIMUR,ID-53,NUSA TENGGARA,ID-NU,169207.1411,129743.7509,379.7929412
2020,INDONESIA,ID,NUSA TENGGARA TIMUR,ID-53,NUSA TENGGARA,ID-NU,168652.6641,188685.2492,554.4769412
2021,INDONESIA,ID,NUSA TENGGARA TIMUR,ID-53,NUSA TENGGARA,ID-NU,168189.9918,190945.1893,462.6723529
2022,INDONESIA,ID,NUSA TENGGARA TIMUR,ID-53,NUSA TENGGARA,ID-NU,167821.8953,153421.589,368.0964706
2013,INDONESIA,ID,PAPUA,ID-94,PAPUA,ID-PP,25062322.68,20618414.22,44561.05482
2014,INDONESIA,ID,PAPUA,ID-94,PAPUA,ID-PP,25014708.66,23206816.14,47614.01682
2015,INDONESIA,ID,PAPUA,ID-94,PAPUA,ID-PP,24956509.35,27318000.84,58199.31529
2016,INDONESIA,ID,PAPUA,ID-94,PAPUA,ID-PP,24897599.87,25660515.87,58909.47459
2017,INDONESIA,ID,PAPUA,ID-94,PAPUA,ID-PP,24862726.96,16331387.66,34872.91376
2018,INDONESIA,ID,PAPUA,ID-94,PAPUA,ID-PP,24842143.38,10069220.77,20583.57671
2019,INDONESIA,ID,PAPUA,ID-94,PAPUA,ID-PP,24819392.7,10057892.52,22750.67788
2020,INDONESIA,ID,PAPUA,ID-94,PAPUA,ID-PP,24804841.56,7141611.214,14551.14529
2021,INDONESIA,ID,PAPUA,ID-94,PAPUA,ID-PP,24792524.94,6084827.659,12316.61682
2022,INDONESIA,ID,PAPUA,ID-94,PAPUA,ID-PP,24780805.35,5737077.556,11719.59176
2013,INDONESIA,ID,PAPUA BARAT,ID-91,PAPUA,ID-PP,9616510.794,4263621.472,8513.505176
2014,INDONESIA,ID,PAPUA BARAT,ID-91,PAPUA,ID-PP,9603266.919,6755505.927,13243.87447
2015,INDONESIA,ID,PAPUA BARAT,ID-91,PAPUA,ID-PP,9558733.803,21906504.49,44533.11635
2016,INDONESIA,ID,PAPUA BARAT,ID-91,PAPUA,ID-PP,9539106.083,9536966.088,19627.71988
2017,INDONESIA,ID,PAPUA BARAT,ID-91,PAPUA,ID-PP,9527871.413,5519214.175,11234.67
2018,INDONESIA,ID,PAPUA BARAT,ID-91,PAPUA,ID-PP,9513175.445,7323191.204,14695.96871
2019,INDONESIA,ID,PAPUA BARAT,ID-91,PAPUA,ID-PP,9501762.925,5797391.766,11412.51988
2020,INDONESIA,ID,PAPUA BARAT,ID-91,PAPUA,ID-PP,9492093.75,4730438.494,9669.174706
2021,INDONESIA,ID,PAPUA BARAT,ID-91,PAPUA,ID-PP,9483391.882,4587737.421,8701.867765
2022,INDONESIA,ID,PAPUA BARAT,ID-91,PAPUA,ID-PP,9473069.847,5497296.055,10322.03541
2013,INDONESIA,ID,RIAU,ID-14,SUMATERA,ID-SM,1835647.189,38910532.28,99659.43388
2014,INDONESIA,ID,RIAU,ID-14,SUMATERA,ID-SM,1664565.364,62700344.52,171081.8255
2015,INDONESIA,ID,RIAU,ID-14,SUMATERA,ID-SM,1626311.094,15450845.45,38254.26918
2016,INDONESIA,ID,RIAU,ID-14,SUMATERA,ID-SM,1581762.98,17756953.31,44548.11388
2017,INDONESIA,ID,RIAU,ID-14,SUMATERA,ID-SM,1560294.424,8216411.047,21468.55659
2018,INDONESIA,ID,RIAU,ID-14,SUMATERA,ID-SM,1542995.11,6443606.201,17299.314
2019,INDONESIA,ID,RIAU,ID-14,SUMATERA,ID-SM,1520307.736,8277801.873,22687.37435
2020,INDONESIA,ID,RIAU,ID-14,SUMATERA,ID-SM,1508071.879,4506156.327,12235.85682
2021,INDONESIA,ID,RIAU,ID-14,SUMATERA,ID-SM,1494520.521,5130045.334,13551.35788
2022,INDONESIA,ID,RIAU,ID-14,SUMATERA,ID-SM,1477065.302,7184674.976,17455.21835
2013,INDONESIA,ID,SULAWESI BARAT,ID-76,SULAWESI,ID-SL,343943.4113,544148.522,1202.320588
2014,INDONESIA,ID,SULAWESI BARAT,ID-76,SULAWESI,ID-SL,342623.7014,552361.1175,1319.709882
2015,INDONESIA,ID,SULAWESI BARAT,ID-76,SULAWESI,ID-SL,341064.3738,661992.0698,1559.327647
2016,INDONESIA,ID,SULAWESI BARAT,ID-76,SULAWESI,ID-SL,339846.1112,542643.7438,1218.262588
2017,INDONESIA,ID,SULAWESI BARAT,ID-76,SULAWESI,ID-SL,338956.2791,408404.5407,889.8321176
2018,INDONESIA,ID,SULAWESI BARAT,ID-76,SULAWESI,ID-SL,338230.5349,337022.8548,725.7441176
2019,INDONESIA,ID,SULAWESI BARAT,ID-76,SULAWESI,ID-SL,337558.1442,302827.9485,672.3907059
2020,INDONESIA,ID,SULAWESI BARAT,ID-76,SULAWESI,ID-SL,336950.7046,277580.1543,607.4396471
2021,INDONESIA,ID,SULAWESI BARAT,ID-76,SULAWESI,ID-SL,335305.4538,811957.3165,1645.250824
2022,INDONESIA,ID,SULAWESI BARAT,ID-76,SULAWESI,ID-SL,334657.6366,300900.5858,647.8171765
2013,INDONESIA,ID,SULAWESI SELATAN,ID-73,SULAWESI,ID-SL,1162236.042,787901.5682,1634.299412
2014,INDONESIA,ID,SULAWESI SELATAN,ID-73,SULAWESI,ID-SL,1158188.292,1821758.141,4047.750353
2015,INDONESIA,ID,SULAWESI SELATAN,ID-73,SULAWESI,ID-SL,1150029.496,3750903.893,8158.796118
2016,INDONESIA,ID,SULAWESI SELATAN,ID-73,SULAWESI,ID-SL,1139618.743,4866777.45,10410.75282
2017,INDONESIA,ID,SULAWESI SELATAN,ID-73,SULAWESI,ID-SL,1135126.379,2036570.75,4492.363412
2018,INDONESIA,ID,SULAWESI SELATAN,ID-73,SULAWESI,ID-SL,1132656.406,1106406.46,2469.973059
2019,INDONESIA,ID,SULAWESI SELATAN,ID-73,SULAWESI,ID-SL,1130490.993,982757.5362,2165.413059
2020,INDONESIA,ID,SULAWESI SELATAN,ID-73,SULAWESI,ID-SL,1128090.836,1118985.171,2400.157059
2021,INDONESIA,ID,SULAWESI SELATAN,ID-73,SULAWESI,ID-SL,1126475.85,773266.1373,1614.986471
2022,INDONESIA,ID,SULAWESI SELATAN,ID-73,SULAWESI,ID-SL,1123847.418,1290057.099,2628.431647
2013,INDONESIA,ID,SULAWESI TENGAH,ID-72,SULAWESI,ID-SL,5326718.537,8837991.147,17560.38494
2014,INDONESIA,ID,SULAWESI TENGAH,ID-72,SULAWESI,ID-SL,5302846.112,11489882.82,23872.42482
2015,INDONESIA,ID,SULAWESI TENGAH,ID-72,SULAWESI,ID-SL,5243145.07,29101380.26,59701.04188
2016,INDONESIA,ID,SULAWESI TENGAH,ID-72,SULAWESI,ID-SL,5191486.267,24299041.55,51658.80318
2017,INDONESIA,ID,SULAWESI TENGAH,ID-72,SULAWESI,ID-SL,5176113.774,7410012.331,15372.49306
2018,INDONESIA,ID,SULAWESI TENGAH,ID-72,SULAWESI,ID-SL,5160377.635,7557636.463,15736.13859
2019,INDONESIA,ID,SULAWESI TENGAH,ID-72,SULAWESI,ID-SL,5144830.286,7418234.102,15547.34859
2020,INDONESIA,ID,SULAWESI TENGAH,ID-72,SULAWESI,ID-SL,5134321.248,5039357.028,10509.03812
2021,INDONESIA,ID,SULAWESI TENGAH,ID-72,SULAWESI,ID-SL,5124591.526,4678292.224,9729.722824
2022,INDONESIA,ID,SULAWESI TENGAH,ID-72,SULAWESI,ID-SL,5113628.142,5307518.207,10963.38353
2013,INDONESIA,ID,SULAWESI TENGGARA,ID-74,SULAWESI,ID-SL,1586433.726,2408632.954,5042.125412
2014,INDONESIA,ID,SULAWESI TENGGARA,ID-74,SULAWESI,ID-SL,1576992.863,4491347.362,9440.863412
2015,INDONESIA,ID,SULAWESI TENGGARA,ID-74,SULAWESI,ID-SL,1563565.713,6451572.92,13427.14976
2016,INDONESIA,ID,SULAWESI TENGGARA,ID-74,SULAWESI,ID-SL,1547315.228,7861292.957,16250.48506
2017,INDONESIA,ID,SULAWESI TENGGARA,ID-74,SULAWESI,ID-SL,1539009.293,3954583.453,8305.934824
2018,INDONESIA,ID,SULAWESI TENGGARA,ID-74,SULAWESI,ID-SL,1533150.899,2714335.207,5858.394353
2019,INDONESIA,ID,SULAWESI TENGGARA,ID-74,SULAWESI,ID-SL,1523151.347,4950276.122,9999.551647
2020,INDONESIA,ID,SULAWESI TENGGARA,ID-74,SULAWESI,ID-SL,1516621.433,3068496.295,6529.914
2021,INDONESIA,ID,SULAWESI TENGGARA,ID-74,SULAWESI,ID-SL,1513057.838,1648647.529,3563.594471
2022,INDONESIA,ID,SULAWESI TENGGARA,ID-74,SULAWESI,ID-SL,1510112.917,1395717.267,2944.921059
2013,INDONESIA,ID,SULAWESI UTARA,ID-71,SULAWESI,ID-SL,682631.2444,227671.2309,455.2171765
2014,INDONESIA,ID,SULAWESI UTARA,ID-71,SULAWESI,ID-SL,680746.1072,932309.4058,1885.137176
2015,INDONESIA,ID,SULAWESI UTARA,ID-71,SULAWESI,ID-SL,673597.2554,3616541.588,7148.851765
2016,INDONESIA,ID,SULAWESI UTARA,ID-71,SULAWESI,ID-SL,669130.1308,2219732.75,4467.124588
2017,INDONESIA,ID,SULAWESI UTARA,ID-71,SULAWESI,ID-SL,666746.8122,1192472.855,2383.318588
2018,INDONESIA,ID,SULAWESI UTARA,ID-71,SULAWESI,ID-SL,665093.0965,827675.753,1653.715765
2019,INDONESIA,ID,SULAWESI UTARA,ID-71,SULAWESI,ID-SL,663907.7206,581134.2064,1185.375882
2020,INDONESIA,ID,SULAWESI UTARA,ID-71,SULAWESI,ID-SL,663057.5958,420922.6229,850.1248235
2021,INDONESIA,ID,SULAWESI UTARA,ID-71,SULAWESI,ID-SL,662638.1146,201709.6368,419.4811765
2022,INDONESIA,ID,SULAWESI UTARA,ID-71,SULAWESI,ID-SL,662270.8292,178882.7551,367.2854118
2013,INDONESIA,ID,SUMATERA BARAT,ID-13,SUMATERA,ID-SM,2437373.694,9254487.82,19137.71859
2014,INDONESIA,ID,SUMATERA BARAT,ID-13,SUMATERA,ID-SM,2420694.941,7979939.53,16678.75235
2015,INDONESIA,ID,SUMATERA BARAT,ID-13,SUMATERA,ID-SM,2407439.595,6515547.727,13255.34647
2016,INDONESIA,ID,SUMATERA BARAT,ID-13,SUMATERA,ID-SM,2389854.001,8720497.823,17585.59412
2017,INDONESIA,ID,SUMATERA BARAT,ID-13,SUMATERA,ID-SM,2366530.865,11792267.36,23323.13576
2018,INDONESIA,ID,SUMATERA BARAT,ID-13,SUMATERA,ID-SM,2349751.364,8240993.542,16779.50082
2019,INDONESIA,ID,SUMATERA BARAT,ID-13,SUMATERA,ID-SM,2338858.948,5292509.032,10892.41624
2020,INDONESIA,ID,SUMATERA BARAT,ID-13,SUMATERA,ID-SM,2330487.411,4092490.487,8371.537059
2021,INDONESIA,ID,SUMATERA BARAT,ID-13,SUMATERA,ID-SM,2317917.284,6115705.187,12570.12635
2022,INDONESIA,ID,SUMATERA BARAT,ID-13,SUMATERA,ID-SM,2301373.128,8048342.81,16544.15647
2013,INDONESIA,ID,SUMATERA SELATAN,ID-16,SUMATERA,ID-SM,808661.4028,1892928.882,5553.372353
2014,INDONESIA,ID,SUMATERA SELATAN,ID-16,SUMATERA,ID-SM,802399.5529,2568473.896,6261.849882
2015,INDONESIA,ID,SUMATERA SELATAN,ID-16,SUMATERA,ID-SM,794827.2032,2741046.377,7572.349765
2016,INDONESIA,ID,SUMATERA SELATAN,ID-16,SUMATERA,ID-SM,782566.0366,4492834.448,12261.16659
2017,INDONESIA,ID,SUMATERA SELATAN,ID-16,SUMATERA,ID-SM,777165.1814,2313869.467,5400.855176
2018,INDONESIA,ID,SUMATERA SELATAN,ID-16,SUMATERA,ID-SM,770512.8741,2683958.131,6652.307294
2019,INDONESIA,ID,SUMATERA SELATAN,ID-16,SUMATERA,ID-SM,764945.3495,2024636.853,5567.524588
2020,INDONESIA,ID,SUMATERA SELATAN,ID-16,SUMATERA,ID-SM,760477.5261,1760493.769,4467.823412
2021,INDONESIA,ID,SUMATERA SELATAN,ID-16,SUMATERA,ID-SM,757805.4293,1067276.168,2672.096824
2022,INDONESIA,ID,SUMATERA SELATAN,ID-16,SUMATERA,ID-SM,756225.2735,637085.0043,1580.155765
2013,INDONESIA,ID,SUMATERA UTARA,ID-12,SUMATERA,ID-SM,1789926.791,7982608.295,17634.26965
2014,INDONESIA,ID,SUMATERA UTARA,ID-12,SUMATERA,ID-SM,1763961.837,11484827.42,25964.95447
2015,INDONESIA,ID,SUMATERA UTARA,ID-12,SUMATERA,ID-SM,1752273.485,5209454.205,11688.35188
2016,INDONESIA,ID,SUMATERA UTARA,ID-12,SUMATERA,ID-SM,1740344.818,5390168.668,11928.66741
2017,INDONESIA,ID,SUMATERA UTARA,ID-12,SUMATERA,ID-SM,1725867.984,7194223.055,14476.83318
2018,INDONESIA,ID,SUMATERA UTARA,ID-12,SUMATERA,ID-SM,1718512.714,3319334.695,7355.270824
2019,INDONESIA,ID,SUMATERA UTARA,ID-12,SUMATERA,ID-SM,1712608.602,2637522.854,5904.111529
2020,INDONESIA,ID,SUMATERA UTARA,ID-12,SUMATERA,ID-SM,1707526.444,2247281.599,5082.157765
2021,INDONESIA,ID,SUMATERA UTARA,ID-12,SUMATERA,ID-SM,1700318.298,3224772.983,7208.146588
2022,INDONESIA,ID,SUMATERA UTARA,ID-12,SUMATERA,ID-SM,1692400.447,3669659.418,7917.850588
