year,country,country_iso2,region,region_trase_id,parent_region,parent_region_trase_id,natural_forest_area_hectares
2001,INDONESIA,ID,ACEH,ID-11,SUMATERA,ID-SM,3624507.148
2001,INDONESIA,ID,BALI,ID-51,NUSA TENGGARA,ID-NU,63751.61082
2001,INDONESIA,ID,BANTEN,ID-36,JAWA,ID-JW,65992.44953
2001,INDONESIA,ID,BENGKULU,ID-17,SUMATERA,ID-SM,268292.0209
2001,INDONESIA,ID,D I YOGYAKARTA,ID-34,JAWA,ID-JW,10.8
2001,INDONESIA,ID,DKI JAKARTA,ID-31,JAWA,ID-JW,48.39564706
2001,INDONESIA,ID,GORONTALO,ID-75,SULAWESI,ID-SL,349659.2216
2001,INDONESIA,ID,JAMBI,ID-15,SUMATERA,ID-SM,2169651.529
2001,INDONESIA,ID,JAWA BARAT,ID-32,JAWA,ID-JW,294202.7771
2001,INDONESIA,ID,JAWA TENGAH,ID-33,JAWA,ID-JW,88502.19071
2001,INDONESIA,ID,JAWA TIMUR,ID-35,JAWA,ID-JW,266492.8482
2001,INDONESIA,ID,KALIMANTAN BARAT,ID-61,KALIMANTAN,ID-KA,9764927.149
2001,INDONESIA,ID,KALIMANTAN SELATAN,ID-63,KALIMANTAN,ID-KA,1055357.198
2001,INDONESIA,ID,KALIMANTAN TENGAH,ID-62,KALIMANTAN,ID-KA,8256303.557
2001,INDONESIA,ID,KALIMANTAN TIMUR,ID-64,KALIMANTAN,ID-KA,6625388.925
2001,INDONESIA,ID,KALIMANTAN UTARA,ID-65,KALIMANTAN,ID-KA,4017612.289
2001,INDONESIA,ID,KEP. BANGKA BELITUNG,ID-19,SUMATERA,ID-SM,270607.3419
2001,INDONESIA,ID,KEP. RIAU,ID-21,SUMATERA,ID-SM,230685.6053
2001,INDONESIA,ID,LAMPUNG,ID-18,SUMATERA,ID-SM,266876.5765
2001,INDONESIA,ID,MALUKU,ID-81,MALUKU,ID-ML,3090020.413
2001,INDONESIA,ID,MALUKU UTARA,ID-82,MALUKU,ID-ML,2276623.81
2001,INDONESIA,ID,NUSA TENGGARA BARAT,ID-52,NUSA TENGGARA,ID-NU,453460.6924
2001,INDONESIA,ID,NUSA TENGGARA TIMUR,ID-53,NUSA TENGGARA,ID-NU,172761.7348
2001,INDONESIA,ID,PAPUA,ID-94,PAPUA,ID-PP,25309104.02
2001,INDONESIA,ID,PAPUA BARAT,ID-91,PAPUA,ID-PP,9743077.88
2001,INDONESIA,ID,RIAU,ID-14,SUMATERA,ID-SM,3519404.422
2001,INDONESIA,ID,SULAWESI BARAT,ID-76,SULAWESI,ID-SL,367317.1129
2001,INDONESIA,ID,SULAWESI SELATAN,ID-73,SULAWESI,ID-SL,1197839.505
2001,INDONESIA,ID,SULAWESI TENGAH,ID-72,SULAWESI,ID-SL,5519168.688
2001,INDONESIA,ID,SULAWESI TENGGARA,ID-74,SULAWESI,ID-SL,1674836.251
2001,INDONESIA,ID,SULAWESI UTARA,ID-71,SULAWESI,ID-SL,700878.1225
2001,INDONESIA,ID,SUMATERA BARAT,ID-13,SUMATERA,ID-SM,2680304.932
2001,INDONESIA,ID,SUMATERA SELATAN,ID-16,SUMATERA,ID-SM,874735.152
2001,INDONESIA,ID,SUMATERA UTARA,ID-12,SUMATERA,ID-SM,2113105.643
2002,INDONESIA,ID,ACEH,ID-11,SUMATERA,ID-SM,3621571.22
2002,INDONESIA,ID,BALI,ID-51,NUSA TENGGARA,ID-NU,63741.35082
2002,INDONESIA,ID,BANTEN,ID-36,JAWA,ID-JW,65981.82953
2002,INDONESIA,ID,BENGKULU,ID-17,SUMATERA,ID-SM,266869.8752
2002,INDONESIA,ID,D I YOGYAKARTA,ID-34,JAWA,ID-JW,10.8
2002,INDONESIA,ID,DKI JAKARTA,ID-31,JAWA,ID-JW,48.39564706
2002,INDONESIA,ID,GORONTALO,ID-75,SULAWESI,ID-SL,347265.1369
2002,INDONESIA,ID,JAMBI,ID-15,SUMATERA,ID-SM,2153620.024
2002,INDONESIA,ID,JAWA BARAT,ID-32,JAWA,ID-JW,294015.6741
2002,INDONESIA,ID,JAWA TENGAH,ID-33,JAWA,ID-JW,88420.56141
2002,INDONESIA,ID,JAWA TIMUR,ID-35,JAWA,ID-JW,266091.6328
2002,INDONESIA,ID,KALIMANTAN BARAT,ID-61,KALIMANTAN,ID-KA,9747786.131
2002,INDONESIA,ID,KALIMANTAN SELATAN,ID-63,KALIMANTAN,ID-KA,1049411.037
2002,INDONESIA,ID,KALIMANTAN TENGAH,ID-62,KALIMANTAN,ID-KA,8222904.489
2002,INDONESIA,ID,KALIMANTAN TIMUR,ID-64,KALIMANTAN,ID-KA,6616581.473
2002,INDONESIA,ID,KALIMANTAN UTARA,ID-65,KALIMANTAN,ID-KA,4006200.954
2002,INDONESIA,ID,KEP. BANGKA BELITUNG,ID-19,SUMATERA,ID-SM,269773.0098
2002,INDONESIA,ID,KEP. RIAU,ID-21,SUMATERA,ID-SM,229523.1716
2002,INDONESIA,ID,LAMPUNG,ID-18,SUMATERA,ID-SM,265903.7707
2002,INDONESIA,ID,MALUKU,ID-81,MALUKU,ID-ML,3086006.914
2002,INDONESIA,ID,MALUKU UTARA,ID-82,MALUKU,ID-ML,2266860.22
2002,INDONESIA,ID,NUSA TENGGARA BARAT,ID-52,NUSA TENGGARA,ID-NU,452959.398
2002,INDONESIA,ID,NUSA TENGGARA TIMUR,ID-53,NUSA TENGGARA,ID-NU,172545.2887
2002,INDONESIA,ID,PAPUA,ID-94,PAPUA,ID-PP,25291703.03
2002,INDONESIA,ID,PAPUA BARAT,ID-91,PAPUA,ID-PP,9729034.136
2002,INDONESIA,ID,RIAU,ID-14,SUMATERA,ID-SM,3429158.766
2002,INDONESIA,ID,SULAWESI BARAT,ID-76,SULAWESI,ID-SL,365482.1771
2002,INDONESIA,ID,SULAWESI SELATAN,ID-73,SULAWESI,ID-SL,1193417.13
2002,INDONESIA,ID,SULAWESI TENGAH,ID-72,SULAWESI,ID-SL,5503064.162
2002,INDONESIA,ID,SULAWESI TENGGARA,ID-74,SULAWESI,ID-SL,1670991.931
2002,INDONESIA,ID,SULAWESI UTARA,ID-71,SULAWESI,ID-SL,697923.0187
2002,INDONESIA,ID,SUMATERA BARAT,ID-13,SUMATERA,ID-SM,2667886.496
2002,INDONESIA,ID,SUMATERA SELATAN,ID-16,SUMATERA,ID-SM,872730.7126
2002,INDONESIA,ID,SUMATERA UTARA,ID-12,SUMATERA,ID-SM,2105414.668
2003,INDONESIA,ID,ACEH,ID-11,SUMATERA,ID-SM,3615809.327
2003,INDONESIA,ID,BALI,ID-51,NUSA TENGGARA,ID-NU,63722.36082
2003,INDONESIA,ID,BANTEN,ID-36,JAWA,ID-JW,65977.05953
2003,INDONESIA,ID,BENGKULU,ID-17,SUMATERA,ID-SM,264495.0307
2003,INDONESIA,ID,D I YOGYAKARTA,ID-34,JAWA,ID-JW,10.8
2003,INDONESIA,ID,DKI JAKARTA,ID-31,JAWA,ID-JW,48.39564706
2003,INDONESIA,ID,GORONTALO,ID-75,SULAWESI,ID-SL,346070.1247
2003,INDONESIA,ID,JAMBI,ID-15,SUMATERA,ID-SM,2142750.778
2003,INDONESIA,ID,JAWA BARAT,ID-32,JAWA,ID-JW,293801.6566
2003,INDONESIA,ID,JAWA TENGAH,ID-33,JAWA,ID-JW,88344.96459
2003,INDONESIA,ID,JAWA TIMUR,ID-35,JAWA,ID-JW,265778.3531
2003,INDONESIA,ID,KALIMANTAN BARAT,ID-61,KALIMANTAN,ID-KA,9734025.138
2003,INDONESIA,ID,KALIMANTAN SELATAN,ID-63,KALIMANTAN,ID-KA,1045041.09
2003,INDONESIA,ID,KALIMANTAN TENGAH,ID-62,KALIMANTAN,ID-KA,8145626.545
2003,INDONESIA,ID,KALIMANTAN TIMUR,ID-64,KALIMANTAN,ID-KA,6609567.629
2003,INDONESIA,ID,KALIMANTAN UTARA,ID-65,KALIMANTAN,ID-KA,3995777.029
2003,INDONESIA,ID,KEP. BANGKA BELITUNG,ID-19,SUMATERA,ID-SM,269162.0015
2003,INDONESIA,ID,KEP. RIAU,ID-21,SUMATERA,ID-SM,229046.2648
2003,INDONESIA,ID,LAMPUNG,ID-18,SUMATERA,ID-SM,265371.9688
2003,INDONESIA,ID,MALUKU,ID-81,MALUKU,ID-ML,3084751.154
2003,INDONESIA,ID,MALUKU UTARA,ID-82,MALUKU,ID-ML,2260540.655
2003,INDONESIA,ID,NUSA TENGGARA BARAT,ID-52,NUSA TENGGARA,ID-NU,452672.8401
2003,INDONESIA,ID,NUSA TENGGARA TIMUR,ID-53,NUSA TENGGARA,ID-NU,172184.2122
2003,INDONESIA,ID,PAPUA,ID-94,PAPUA,ID-PP,25278177.42
2003,INDONESIA,ID,PAPUA BARAT,ID-91,PAPUA,ID-PP,9719284.321
2003,INDONESIA,ID,RIAU,ID-14,SUMATERA,ID-SM,3389182.086
2003,INDONESIA,ID,SULAWESI BARAT,ID-76,SULAWESI,ID-SL,363780.4676
2003,INDONESIA,ID,SULAWESI SELATAN,ID-73,SULAWESI,ID-SL,1190975.652
2003,INDONESIA,ID,SULAWESI TENGAH,ID-72,SULAWESI,ID-SL,5491170.373
2003,INDONESIA,ID,SULAWESI TENGGARA,ID-74,SULAWESI,ID-SL,1664819.267
2003,INDONESIA,ID,SULAWESI UTARA,ID-71,SULAWESI,ID-SL,696259.9094
2003,INDONESIA,ID,SUMATERA BARAT,ID-13,SUMATERA,ID-SM,2660853.677
2003,INDONESIA,ID,SUMATERA SELATAN,ID-16,SUMATERA,ID-SM,871581.5891
2003,INDONESIA,ID,SUMATERA UTARA,ID-12,SUMATERA,ID-SM,2092517.777
2004,INDONESIA,ID,ACEH,ID-11,SUMATERA,ID-SM,3610221.291
2004,INDONESIA,ID,BALI,ID-51,NUSA TENGGARA,ID-NU,63721.19082
2004,INDONESIA,ID,BANTEN,ID-36,JAWA,ID-JW,65921.53094
2004,INDONESIA,ID,BENGKULU,ID-17,SUMATERA,ID-SM,260046.1267
2004,INDONESIA,ID,D I YOGYAKARTA,ID-34,JAWA,ID-JW,10.8
2004,INDONESIA,ID,DKI JAKARTA,ID-31,JAWA,ID-JW,48.39564706
2004,INDONESIA,ID,GORONTALO,ID-75,SULAWESI,ID-SL,343984.9147
2004,INDONESIA,ID,JAMBI,ID-15,SUMATERA,ID-SM,2097248.909
2004,INDONESIA,ID,JAWA BARAT,ID-32,JAWA,ID-JW,293651.5366
2004,INDONESIA,ID,JAWA TENGAH,ID-33,JAWA,ID-JW,88139.04953
2004,INDONESIA,ID,JAWA TIMUR,ID-35,JAWA,ID-JW,265240.3786
2004,INDONESIA,ID,KALIMANTAN BARAT,ID-61,KALIMANTAN,ID-KA,9699888.742
2004,INDONESIA,ID,KALIMANTAN SELATAN,ID-63,KALIMANTAN,ID-KA,1034078.608
2004,INDONESIA,ID,KALIMANTAN TENGAH,ID-62,KALIMANTAN,ID-KA,8088976.089
2004,INDONESIA,ID,KALIMANTAN TIMUR,ID-64,KALIMANTAN,ID-KA,6594624.975
2004,INDONESIA,ID,KALIMANTAN UTARA,ID-65,KALIMANTAN,ID-KA,3972897.388
2004,INDONESIA,ID,KEP. BANGKA BELITUNG,ID-19,SUMATERA,ID-SM,265620.4588
2004,INDONESIA,ID,KEP. RIAU,ID-21,SUMATERA,ID-SM,228264.8245
2004,INDONESIA,ID,LAMPUNG,ID-18,SUMATERA,ID-SM,264278.1099
2004,INDONESIA,ID,MALUKU,ID-81,MALUKU,ID-ML,3082568.767
2004,INDONESIA,ID,MALUKU UTARA,ID-82,MALUKU,ID-ML,2255547.692
2004,INDONESIA,ID,NUSA TENGGARA BARAT,ID-52,NUSA TENGGARA,ID-NU,452183.2401
2004,INDONESIA,ID,NUSA TENGGARA TIMUR,ID-53,NUSA TENGGARA,ID-NU,172006.6458
2004,INDONESIA,ID,PAPUA,ID-94,PAPUA,ID-PP,25264128.16
2004,INDONESIA,ID,PAPUA BARAT,ID-91,PAPUA,ID-PP,9705198.219
2004,INDONESIA,ID,RIAU,ID-14,SUMATERA,ID-SM,3196499.145
2004,INDONESIA,ID,SULAWESI BARAT,ID-76,SULAWESI,ID-SL,360964.5554
2004,INDONESIA,ID,SULAWESI SELATAN,ID-73,SULAWESI,ID-SL,1185219.117
2004,INDONESIA,ID,SULAWESI TENGAH,ID-72,SULAWESI,ID-SL,5469679.789
2004,INDONESIA,ID,SULAWESI TENGGARA,ID-74,SULAWESI,ID-SL,1645615.05
2004,INDONESIA,ID,SULAWESI UTARA,ID-71,SULAWESI,ID-SL,692955.8587
2004,INDONESIA,ID,SUMATERA BARAT,ID-13,SUMATERA,ID-SM,2646542.546
2004,INDONESIA,ID,SUMATERA SELATAN,ID-16,SUMATERA,ID-SM,868109.4318
2004,INDONESIA,ID,SUMATERA UTARA,ID-12,SUMATERA,ID-SM,2064920.727
2005,INDONESIA,ID,ACEH,ID-11,SUMATERA,ID-SM,3600450.391
2005,INDONESIA,ID,BALI,ID-51,NUSA TENGGARA,ID-NU,63709.94082
2005,INDONESIA,ID,BANTEN,ID-36,JAWA,ID-JW,65905.33376
2005,INDONESIA,ID,BENGKULU,ID-17,SUMATERA,ID-SM,257910.6427
2005,INDONESIA,ID,D I YOGYAKARTA,ID-34,JAWA,ID-JW,10.8
2005,INDONESIA,ID,DKI JAKARTA,ID-31,JAWA,ID-JW,48.39564706
2005,INDONESIA,ID,GORONTALO,ID-75,SULAWESI,ID-SL,342520.6765
2005,INDONESIA,ID,JAMBI,ID-15,SUMATERA,ID-SM,2057222.058
2005,INDONESIA,ID,JAWA BARAT,ID-32,JAWA,ID-JW,293586.9166
2005,INDONESIA,ID,JAWA TENGAH,ID-33,JAWA,ID-JW,88078.00941
2005,INDONESIA,ID,JAWA TIMUR,ID-35,JAWA,ID-JW,265047.87
2005,INDONESIA,ID,KALIMANTAN BARAT,ID-61,KALIMANTAN,ID-KA,9661424.926
2005,INDONESIA,ID,KALIMANTAN SELATAN,ID-63,KALIMANTAN,ID-KA,1028247.255
2005,INDONESIA,ID,KALIMANTAN TENGAH,ID-62,KALIMANTAN,ID-KA,8025723.211
2005,INDONESIA,ID,KALIMANTAN TIMUR,ID-64,KALIMANTAN,ID-KA,6578179.683
2005,INDONESIA,ID,KALIMANTAN UTARA,ID-65,KALIMANTAN,ID-KA,3953653.164
2005,INDONESIA,ID,KEP. BANGKA BELITUNG,ID-19,SUMATERA,ID-SM,262922.544
2005,INDONESIA,ID,KEP. RIAU,ID-21,SUMATERA,ID-SM,225712.116
2005,INDONESIA,ID,LAMPUNG,ID-18,SUMATERA,ID-SM,263850.1673
2005,INDONESIA,ID,MALUKU,ID-81,MALUKU,ID-ML,3081033.103
2005,INDONESIA,ID,MALUKU UTARA,ID-82,MALUKU,ID-ML,2252767.152
2005,INDONESIA,ID,NUSA TENGGARA BARAT,ID-52,NUSA TENGGARA,ID-NU,451815.8601
2005,INDONESIA,ID,NUSA TENGGARA TIMUR,ID-53,NUSA TENGGARA,ID-NU,171673.1104
2005,INDONESIA,ID,PAPUA,ID-94,PAPUA,ID-PP,25251558.66
2005,INDONESIA,ID,PAPUA BARAT,ID-91,PAPUA,ID-PP,9697874.608
2005,INDONESIA,ID,RIAU,ID-14,SUMATERA,ID-SM,2982274.111
2005,INDONESIA,ID,SULAWESI BARAT,ID-76,SULAWESI,ID-SL,358879.8424
2005,INDONESIA,ID,SULAWESI SELATAN,ID-73,SULAWESI,ID-SL,1181602.843
2005,INDONESIA,ID,SULAWESI TENGAH,ID-72,SULAWESI,ID-SL,5458926.528
2005,INDONESIA,ID,SULAWESI TENGGARA,ID-74,SULAWESI,ID-SL,1638313.579
2005,INDONESIA,ID,SULAWESI UTARA,ID-71,SULAWESI,ID-SL,691276.9387
2005,INDONESIA,ID,SUMATERA BARAT,ID-13,SUMATERA,ID-SM,2629546.606
2005,INDONESIA,ID,SUMATERA SELATAN,ID-16,SUMATERA,ID-SM,865489.5801
2005,INDONESIA,ID,SUMATERA UTARA,ID-12,SUMATERA,ID-SM,2026146.698
2006,INDONESIA,ID,ACEH,ID-11,SUMATERA,ID-SM,3590367.604
2006,INDONESIA,ID,BALI,ID-51,NUSA TENGGARA,ID-NU,63674.21082
2006,INDONESIA,ID,BANTEN,ID-36,JAWA,ID-JW,65904.31871
2006,INDONESIA,ID,BENGKULU,ID-17,SUMATERA,ID-SM,256110.5478
2006,INDONESIA,ID,D I YOGYAKARTA,ID-34,JAWA,ID-JW,10.8
2006,INDONESIA,ID,DKI JAKARTA,ID-31,JAWA,ID-JW,48.39564706
2006,INDONESIA,ID,GORONTALO,ID-75,SULAWESI,ID-SL,340874.8419
2006,INDONESIA,ID,JAMBI,ID-15,SUMATERA,ID-SM,2011872.517
2006,INDONESIA,ID,JAWA BARAT,ID-32,JAWA,ID-JW,293451.2248
2006,INDONESIA,ID,JAWA TENGAH,ID-33,JAWA,ID-JW,87974.05941
2006,INDONESIA,ID,JAWA TIMUR,ID-35,JAWA,ID-JW,264491.6785
2006,INDONESIA,ID,KALIMANTAN BARAT,ID-61,KALIMANTAN,ID-KA,9601110.27
2006,INDONESIA,ID,KALIMANTAN SELATAN,ID-63,KALIMANTAN,ID-KA,1015017.267
2006,INDONESIA,ID,KALIMANTAN TENGAH,ID-62,KALIMANTAN,ID-KA,7947360.407
2006,INDONESIA,ID,KALIMANTAN TIMUR,ID-64,KALIMANTAN,ID-KA,6549696.881
2006,INDONESIA,ID,KALIMANTAN UTARA,ID-65,KALIMANTAN,ID-KA,3936337.742
2006,INDONESIA,ID,KEP. BANGKA BELITUNG,ID-19,SUMATERA,ID-SM,258840.9053
2006,INDONESIA,ID,KEP. RIAU,ID-21,SUMATERA,ID-SM,224052.8231
2006,INDONESIA,ID,LAMPUNG,ID-18,SUMATERA,ID-SM,263201.9026
2006,INDONESIA,ID,MALUKU,ID-81,MALUKU,ID-ML,3076255.865
2006,INDONESIA,ID,MALUKU UTARA,ID-82,MALUKU,ID-ML,2245550.292
2006,INDONESIA,ID,NUSA TENGGARA BARAT,ID-52,NUSA TENGGARA,ID-NU,451487.6301
2006,INDONESIA,ID,NUSA TENGGARA TIMUR,ID-53,NUSA TENGGARA,ID-NU,171263.0721
2006,INDONESIA,ID,PAPUA,ID-94,PAPUA,ID-PP,25235346.85
2006,INDONESIA,ID,PAPUA BARAT,ID-91,PAPUA,ID-PP,9687349.439
2006,INDONESIA,ID,RIAU,ID-14,SUMATERA,ID-SM,2848592.999
2006,INDONESIA,ID,SULAWESI BARAT,ID-76,SULAWESI,ID-SL,356414.4607
2006,INDONESIA,ID,SULAWESI SELATAN,ID-73,SULAWESI,ID-SL,1177014.783
2006,INDONESIA,ID,SULAWESI TENGAH,ID-72,SULAWESI,ID-SL,5442521.081
2006,INDONESIA,ID,SULAWESI TENGGARA,ID-74,SULAWESI,ID-SL,1621382.443
2006,INDONESIA,ID,SULAWESI UTARA,ID-71,SULAWESI,ID-SL,689271.8651
2006,INDONESIA,ID,SUMATERA BARAT,ID-13,SUMATERA,ID-SM,2606752.826
2006,INDONESIA,ID,SUMATERA SELATAN,ID-16,SUMATERA,ID-SM,859538.5556
2006,INDONESIA,ID,SUMATERA UTARA,ID-12,SUMATERA,ID-SM,2000017.924
2007,INDONESIA,ID,ACEH,ID-11,SUMATERA,ID-SM,3582445.918
2007,INDONESIA,ID,BALI,ID-51,NUSA TENGGARA,ID-NU,63657.65082
2007,INDONESIA,ID,BANTEN,ID-36,JAWA,ID-JW,65892.99247
2007,INDONESIA,ID,BENGKULU,ID-17,SUMATERA,ID-SM,254031.6886
2007,INDONESIA,ID,D I YOGYAKARTA,ID-34,JAWA,ID-JW,10.8
2007,INDONESIA,ID,DKI JAKARTA,ID-31,JAWA,ID-JW,48.39564706
2007,INDONESIA,ID,GORONTALO,ID-75,SULAWESI,ID-SL,339560.4939
2007,INDONESIA,ID,JAMBI,ID-15,SUMATERA,ID-SM,1953548.38
2007,INDONESIA,ID,JAWA BARAT,ID-32,JAWA,ID-JW,293243.5966
2007,INDONESIA,ID,JAWA TENGAH,ID-33,JAWA,ID-JW,87859.21941
2007,INDONESIA,ID,JAWA TIMUR,ID-35,JAWA,ID-JW,264006.0836
2007,INDONESIA,ID,KALIMANTAN BARAT,ID-61,KALIMANTAN,ID-KA,9542633.82
2007,INDONESIA,ID,KALIMANTAN SELATAN,ID-63,KALIMANTAN,ID-KA,1005276.704
2007,INDONESIA,ID,KALIMANTAN TENGAH,ID-62,KALIMANTAN,ID-KA,7761632.302
2007,INDONESIA,ID,KALIMANTAN TIMUR,ID-64,KALIMANTAN,ID-KA,6529506.506
2007,INDONESIA,ID,KALIMANTAN UTARA,ID-65,KALIMANTAN,ID-KA,3920019.75
2007,INDONESIA,ID,KEP. BANGKA BELITUNG,ID-19,SUMATERA,ID-SM,255449.5613
2007,INDONESIA,ID,KEP. RIAU,ID-21,SUMATERA,ID-SM,223153.6246
2007,INDONESIA,ID,LAMPUNG,ID-18,SUMATERA,ID-SM,262779.5245
2007,INDONESIA,ID,MALUKU,ID-81,MALUKU,ID-ML,3074791.754
2007,INDONESIA,ID,MALUKU UTARA,ID-82,MALUKU,ID-ML,2243265.544
2007,INDONESIA,ID,NUSA TENGGARA BARAT,ID-52,NUSA TENGGARA,ID-NU,451149.7722
2007,INDONESIA,ID,NUSA TENGGARA TIMUR,ID-53,NUSA TENGGARA,ID-NU,170992.8949
2007,INDONESIA,ID,PAPUA,ID-94,PAPUA,ID-PP,25217853.69
2007,INDONESIA,ID,PAPUA BARAT,ID-91,PAPUA,ID-PP,9680246.029
2007,INDONESIA,ID,RIAU,ID-14,SUMATERA,ID-SM,2730230.67
2007,INDONESIA,ID,SULAWESI BARAT,ID-76,SULAWESI,ID-SL,355566.4069
2007,INDONESIA,ID,SULAWESI SELATAN,ID-73,SULAWESI,ID-SL,1174768.379
2007,INDONESIA,ID,SULAWESI TENGAH,ID-72,SULAWESI,ID-SL,5431742.359
2007,INDONESIA,ID,SULAWESI TENGGARA,ID-74,SULAWESI,ID-SL,1617129.932
2007,INDONESIA,ID,SULAWESI UTARA,ID-71,SULAWESI,ID-SL,687551.0005
2007,INDONESIA,ID,SUMATERA BARAT,ID-13,SUMATERA,ID-SM,2586736.669
2007,INDONESIA,ID,SUMATERA SELATAN,ID-16,SUMATERA,ID-SM,856702.6846
2007,INDONESIA,ID,SUMATERA UTARA,ID-12,SUMATERA,ID-SM,1983544.863
2008,INDONESIA,ID,ACEH,ID-11,SUMATERA,ID-SM,3561400.313
2008,INDONESIA,ID,BALI,ID-51,NUSA TENGGARA,ID-NU,63656.12082
2008,INDONESIA,ID,BANTEN,ID-36,JAWA,ID-JW,65889.93247
2008,INDONESIA,ID,BENGKULU,ID-17,SUMATERA,ID-SM,251778.0942
2008,INDONESIA,ID,D I YOGYAKARTA,ID-34,JAWA,ID-JW,10.8
2008,INDONESIA,ID,DKI JAKARTA,ID-31,JAWA,ID-JW,48.39564706
2008,INDONESIA,ID,GORONTALO,ID-75,SULAWESI,ID-SL,339180.8036
2008,INDONESIA,ID,JAMBI,ID-15,SUMATERA,ID-SM,1901384.223
2008,INDONESIA,ID,JAWA BARAT,ID-32,JAWA,ID-JW,292999.7933
2008,INDONESIA,ID,JAWA TENGAH,ID-33,JAWA,ID-JW,87828.25976
2008,INDONESIA,ID,JAWA TIMUR,ID-35,JAWA,ID-JW,263742.2118
2008,INDONESIA,ID,KALIMANTAN BARAT,ID-61,KALIMANTAN,ID-KA,9456209.718
2008,INDONESIA,ID,KALIMANTAN SELATAN,ID-63,KALIMANTAN,ID-KA,1000123.421
2008,INDONESIA,ID,KALIMANTAN TENGAH,ID-62,KALIMANTAN,ID-KA,7669640.37
2008,INDONESIA,ID,KALIMANTAN TIMUR,ID-64,KALIMANTAN,ID-KA,6513296.62
2008,INDONESIA,ID,KALIMANTAN UTARA,ID-65,KALIMANTAN,ID-KA,3895934.251
2008,INDONESIA,ID,KEP. BANGKA BELITUNG,ID-19,SUMATERA,ID-SM,252415.0444
2008,INDONESIA,ID,KEP. RIAU,ID-21,SUMATERA,ID-SM,221511.7027
2008,INDONESIA,ID,LAMPUNG,ID-18,SUMATERA,ID-SM,262153.7576
2008,INDONESIA,ID,MALUKU,ID-81,MALUKU,ID-ML,3074107.172
2008,INDONESIA,ID,MALUKU UTARA,ID-82,MALUKU,ID-ML,2241114.603
2008,INDONESIA,ID,NUSA TENGGARA BARAT,ID-52,NUSA TENGGARA,ID-NU,450899.8422
2008,INDONESIA,ID,NUSA TENGGARA TIMUR,ID-53,NUSA TENGGARA,ID-NU,170832.6949
2008,INDONESIA,ID,PAPUA,ID-94,PAPUA,ID-PP,25201726.29
2008,INDONESIA,ID,PAPUA BARAT,ID-91,PAPUA,ID-PP,9671917.357
2008,INDONESIA,ID,RIAU,ID-14,SUMATERA,ID-SM,2629962.098
2008,INDONESIA,ID,SULAWESI BARAT,ID-76,SULAWESI,ID-SL,353371.2702
2008,INDONESIA,ID,SULAWESI SELATAN,ID-73,SULAWESI,ID-SL,1173142.937
2008,INDONESIA,ID,SULAWESI TENGAH,ID-72,SULAWESI,ID-SL,5420945.977
2008,INDONESIA,ID,SULAWESI TENGGARA,ID-74,SULAWESI,ID-SL,1614355.881
2008,INDONESIA,ID,SULAWESI UTARA,ID-71,SULAWESI,ID-SL,686911.5565
2008,INDONESIA,ID,SUMATERA BARAT,ID-13,SUMATERA,ID-SM,2561474.012
2008,INDONESIA,ID,SUMATERA SELATAN,ID-16,SUMATERA,ID-SM,848857.5219
2008,INDONESIA,ID,SUMATERA UTARA,ID-12,SUMATERA,ID-SM,1953654.368
2009,INDONESIA,ID,ACEH,ID-11,SUMATERA,ID-SM,3529766.678
2009,INDONESIA,ID,BALI,ID-51,NUSA TENGGARA,ID-NU,63642.53082
2009,INDONESIA,ID,BANTEN,ID-36,JAWA,ID-JW,65873.28353
2009,INDONESIA,ID,BENGKULU,ID-17,SUMATERA,ID-SM,248725.8568
2009,INDONESIA,ID,D I YOGYAKARTA,ID-34,JAWA,ID-JW,10.8
2009,INDONESIA,ID,DKI JAKARTA,ID-31,JAWA,ID-JW,48.39564706
2009,INDONESIA,ID,GORONTALO,ID-75,SULAWESI,ID-SL,336976.2561
2009,INDONESIA,ID,JAMBI,ID-15,SUMATERA,ID-SM,1863022.168
2009,INDONESIA,ID,JAWA BARAT,ID-32,JAWA,ID-JW,292845.2714
2009,INDONESIA,ID,JAWA TENGAH,ID-33,JAWA,ID-JW,87784.07012
2009,INDONESIA,ID,JAWA TIMUR,ID-35,JAWA,ID-JW,263360.7424
2009,INDONESIA,ID,KALIMANTAN BARAT,ID-61,KALIMANTAN,ID-KA,9350670.822
2009,INDONESIA,ID,KALIMANTAN SELATAN,ID-63,KALIMANTAN,ID-KA,981284.9492
2009,INDONESIA,ID,KALIMANTAN TENGAH,ID-62,KALIMANTAN,ID-KA,7589213.385
2009,INDONESIA,ID,KALIMANTAN TIMUR,ID-64,KALIMANTAN,ID-KA,6480118.189
2009,INDONESIA,ID,KALIMANTAN UTARA,ID-65,KALIMANTAN,ID-KA,3860763.16
2009,INDONESIA,ID,KEP. BANGKA BELITUNG,ID-19,SUMATERA,ID-SM,243206.2235
2009,INDONESIA,ID,KEP. RIAU,ID-21,SUMATERA,ID-SM,219786.8181
2009,INDONESIA,ID,LAMPUNG,ID-18,SUMATERA,ID-SM,261552.2372
2009,INDONESIA,ID,MALUKU,ID-81,MALUKU,ID-ML,3070091.372
2009,INDONESIA,ID,MALUKU UTARA,ID-82,MALUKU,ID-ML,2235873.644
2009,INDONESIA,ID,NUSA TENGGARA BARAT,ID-52,NUSA TENGGARA,ID-NU,450653.7829
2009,INDONESIA,ID,NUSA TENGGARA TIMUR,ID-53,NUSA TENGGARA,ID-NU,170606.6248
2009,INDONESIA,ID,PAPUA,ID-94,PAPUA,ID-PP,25185647.71
2009,INDONESIA,ID,PAPUA BARAT,ID-91,PAPUA,ID-PP,9659509.827
2009,INDONESIA,ID,RIAU,ID-14,SUMATERA,ID-SM,2484390.642
2009,INDONESIA,ID,SULAWESI BARAT,ID-76,SULAWESI,ID-SL,350759.2348
2009,INDONESIA,ID,SULAWESI SELATAN,ID-73,SULAWESI,ID-SL,1170457.327
2009,INDONESIA,ID,SULAWESI TENGAH,ID-72,SULAWESI,ID-SL,5394723.579
2009,INDONESIA,ID,SULAWESI TENGGARA,ID-74,SULAWESI,ID-SL,1605989.605
2009,INDONESIA,ID,SULAWESI UTARA,ID-71,SULAWESI,ID-SL,684759.1782
2009,INDONESIA,ID,SUMATERA BARAT,ID-13,SUMATERA,ID-SM,2538226.478
2009,INDONESIA,ID,SUMATERA SELATAN,ID-16,SUMATERA,ID-SM,841244.706
2009,INDONESIA,ID,SUMATERA UTARA,ID-12,SUMATERA,ID-SM,1905884.633
2010,INDONESIA,ID,ACEH,ID-11,SUMATERA,ID-SM,3514854.572
2010,INDONESIA,ID,BALI,ID-51,NUSA TENGGARA,ID-NU,63639.29082
2010,INDONESIA,ID,BANTEN,ID-36,JAWA,ID-JW,65866.53988
2010,INDONESIA,ID,BENGKULU,ID-17,SUMATERA,ID-SM,247074.6819
2010,INDONESIA,ID,D I YOGYAKARTA,ID-34,JAWA,ID-JW,10.8
2010,INDONESIA,ID,DKI JAKARTA,ID-31,JAWA,ID-JW,48.39564706
2010,INDONESIA,ID,GORONTALO,ID-75,SULAWESI,ID-SL,336647.9248
2010,INDONESIA,ID,JAMBI,ID-15,SUMATERA,ID-SM,1842844.604
2010,INDONESIA,ID,JAWA BARAT,ID-32,JAWA,ID-JW,292742.2235
2010,INDONESIA,ID,JAWA TENGAH,ID-33,JAWA,ID-JW,87777.50012
2010,INDONESIA,ID,JAWA TIMUR,ID-35,JAWA,ID-JW,263279.8592
2010,INDONESIA,ID,KALIMANTAN BARAT,ID-61,KALIMANTAN,ID-KA,9287841.674
2010,INDONESIA,ID,KALIMANTAN SELATAN,ID-63,KALIMANTAN,ID-KA,975051.0113
2010,INDONESIA,ID,KALIMANTAN TENGAH,ID-62,KALIMANTAN,ID-KA,7515353.291
2010,INDONESIA,ID,KALIMANTAN TIMUR,ID-64,KALIMANTAN,ID-KA,6456807.383
2010,INDONESIA,ID,KALIMANTAN UTARA,ID-65,KALIMANTAN,ID-KA,3841883.969
2010,INDONESIA,ID,KEP. BANGKA BELITUNG,ID-19,SUMATERA,ID-SM,241044.7059
2010,INDONESIA,ID,KEP. RIAU,ID-21,SUMATERA,ID-SM,218385.0201
2010,INDONESIA,ID,LAMPUNG,ID-18,SUMATERA,ID-SM,261172.4813
2010,INDONESIA,ID,MALUKU,ID-81,MALUKU,ID-ML,3068499.637
2010,INDONESIA,ID,MALUKU UTARA,ID-82,MALUKU,ID-ML,2233472.592
2010,INDONESIA,ID,NUSA TENGGARA BARAT,ID-52,NUSA TENGGARA,ID-NU,450546.7729
2010,INDONESIA,ID,NUSA TENGGARA TIMUR,ID-53,NUSA TENGGARA,ID-NU,170543.3552
2010,INDONESIA,ID,PAPUA,ID-94,PAPUA,ID-PP,25164279.89
2010,INDONESIA,ID,PAPUA BARAT,ID-91,PAPUA,ID-PP,9647427.578
2010,INDONESIA,ID,RIAU,ID-14,SUMATERA,ID-SM,2288049.528
2010,INDONESIA,ID,SULAWESI BARAT,ID-76,SULAWESI,ID-SL,349348.7584
2010,INDONESIA,ID,SULAWESI SELATAN,ID-73,SULAWESI,ID-SL,1169084.036
2010,INDONESIA,ID,SULAWESI TENGAH,ID-72,SULAWESI,ID-SL,5383066.543
2010,INDONESIA,ID,SULAWESI TENGGARA,ID-74,SULAWESI,ID-SL,1603687.109
2010,INDONESIA,ID,SULAWESI UTARA,ID-71,SULAWESI,ID-SL,684181.7442
2010,INDONESIA,ID,SUMATERA BARAT,ID-13,SUMATERA,ID-SM,2523461.163
2010,INDONESIA,ID,SUMATERA SELATAN,ID-16,SUMATERA,ID-SM,836179.6676
2010,INDONESIA,ID,SUMATERA UTARA,ID-12,SUMATERA,ID-SM,1875671.507
2011,INDONESIA,ID,ACEH,ID-11,SUMATERA,ID-SM,3496444.733
2011,INDONESIA,ID,BALI,ID-51,NUSA TENGGARA,ID-NU,63635.96082
2011,INDONESIA,ID,BANTEN,ID-36,JAWA,ID-JW,65863.47988
2011,INDONESIA,ID,BENGKULU,ID-17,SUMATERA,ID-SM,243676.7746
2011,INDONESIA,ID,D I YOGYAKARTA,ID-34,JAWA,ID-JW,10.8
2011,INDONESIA,ID,DKI JAKARTA,ID-31,JAWA,ID-JW,48.39564706
2011,INDONESIA,ID,GORONTALO,ID-75,SULAWESI,ID-SL,336049.7929
2011,INDONESIA,ID,JAMBI,ID-15,SUMATERA,ID-SM,1807684.448
2011,INDONESIA,ID,JAWA BARAT,ID-32,JAWA,ID-JW,292688.2235
2011,INDONESIA,ID,JAWA TENGAH,ID-33,JAWA,ID-JW,87692.00012
2011,INDONESIA,ID,JAWA TIMUR,ID-35,JAWA,ID-JW,263077.0013
2011,INDONESIA,ID,KALIMANTAN BARAT,ID-61,KALIMANTAN,ID-KA,9175678.857
2011,INDONESIA,ID,KALIMANTAN SELATAN,ID-63,KALIMANTAN,ID-KA,963772.7036
2011,INDONESIA,ID,KALIMANTAN TENGAH,ID-62,KALIMANTAN,ID-KA,7458805.466
2011,INDONESIA,ID,KALIMANTAN TIMUR,ID-64,KALIMANTAN,ID-KA,6407800.17
2011,INDONESIA,ID,KALIMANTAN UTARA,ID-65,KALIMANTAN,ID-KA,3815178.519
2011,INDONESIA,ID,KEP. BANGKA BELITUNG,ID-19,SUMATERA,ID-SM,236962.0789
2011,INDONESIA,ID,KEP. RIAU,ID-21,SUMATERA,ID-SM,215834.3813
2011,INDONESIA,ID,LAMPUNG,ID-18,SUMATERA,ID-SM,260872.332
2011,INDONESIA,ID,MALUKU,ID-81,MALUKU,ID-ML,3065311.673
2011,INDONESIA,ID,MALUKU UTARA,ID-82,MALUKU,ID-ML,2231448.192
2011,INDONESIA,ID,NUSA TENGGARA BARAT,ID-52,NUSA TENGGARA,ID-NU,450365.0661
2011,INDONESIA,ID,NUSA TENGGARA TIMUR,ID-53,NUSA TENGGARA,ID-NU,170403.4091
2011,INDONESIA,ID,PAPUA,ID-94,PAPUA,ID-PP,25141816.56
2011,INDONESIA,ID,PAPUA BARAT,ID-91,PAPUA,ID-PP,9635531.802
2011,INDONESIA,ID,RIAU,ID-14,SUMATERA,ID-SM,2134307.02
2011,INDONESIA,ID,SULAWESI BARAT,ID-76,SULAWESI,ID-SL,347293.9768
2011,INDONESIA,ID,SULAWESI SELATAN,ID-73,SULAWESI,ID-SL,1167066.709
2011,INDONESIA,ID,SULAWESI TENGAH,ID-72,SULAWESI,ID-SL,5368413.234
2011,INDONESIA,ID,SULAWESI TENGGARA,ID-74,SULAWESI,ID-SL,1597644.146
2011,INDONESIA,ID,SULAWESI UTARA,ID-71,SULAWESI,ID-SL,683567.0562
2011,INDONESIA,ID,SUMATERA BARAT,ID-13,SUMATERA,ID-SM,2497849.741
2011,INDONESIA,ID,SUMATERA SELATAN,ID-16,SUMATERA,ID-SM,831173.2253
2011,INDONESIA,ID,SUMATERA UTARA,ID-12,SUMATERA,ID-SM,1838631.851
2012,INDONESIA,ID,ACEH,ID-11,SUMATERA,ID-SM,3474863.91
2012,INDONESIA,ID,BALI,ID-51,NUSA TENGGARA,ID-NU,63624.35082
2012,INDONESIA,ID,BANTEN,ID-36,JAWA,ID-JW,65845.84165
2012,INDONESIA,ID,BENGKULU,ID-17,SUMATERA,ID-SM,240198.5305
2012,INDONESIA,ID,D I YOGYAKARTA,ID-34,JAWA,ID-JW,10.8
2012,INDONESIA,ID,DKI JAKARTA,ID-31,JAWA,ID-JW,48.39564706
2012,INDONESIA,ID,GORONTALO,ID-75,SULAWESI,ID-SL,334421.6033
2012,INDONESIA,ID,JAMBI,ID-15,SUMATERA,ID-SM,1736697.398
2012,INDONESIA,ID,JAWA BARAT,ID-32,JAWA,ID-JW,292570.7753
2012,INDONESIA,ID,JAWA TENGAH,ID-33,JAWA,ID-JW,87625.49118
2012,INDONESIA,ID,JAWA TIMUR,ID-35,JAWA,ID-JW,261697.3126
2012,INDONESIA,ID,KALIMANTAN BARAT,ID-61,KALIMANTAN,ID-KA,9036020.832
2012,INDONESIA,ID,KALIMANTAN SELATAN,ID-63,KALIMANTAN,ID-KA,949820.0125
2012,INDONESIA,ID,KALIMANTAN TENGAH,ID-62,KALIMANTAN,ID-KA,7368467.533
2012,INDONESIA,ID,KALIMANTAN TIMUR,ID-64,KALIMANTAN,ID-KA,6333234.584
2012,INDONESIA,ID,KALIMANTAN UTARA,ID-65,KALIMANTAN,ID-KA,3778364.958
2012,INDONESIA,ID,KEP. BANGKA BELITUNG,ID-19,SUMATERA,ID-SM,230124.4066
2012,INDONESIA,ID,KEP. RIAU,ID-21,SUMATERA,ID-SM,211820.3972
2012,INDONESIA,ID,LAMPUNG,ID-18,SUMATERA,ID-SM,259731.5746
2012,INDONESIA,ID,MALUKU,ID-81,MALUKU,ID-ML,3062158.445
2012,INDONESIA,ID,MALUKU UTARA,ID-82,MALUKU,ID-ML,2228579.797
2012,INDONESIA,ID,NUSA TENGGARA BARAT,ID-52,NUSA TENGGARA,ID-NU,449992.2861
2012,INDONESIA,ID,NUSA TENGGARA TIMUR,ID-53,NUSA TENGGARA,ID-NU,170234.9322
2012,INDONESIA,ID,PAPUA,ID-94,PAPUA,ID-PP,25106883.73
2012,INDONESIA,ID,PAPUA BARAT,ID-91,PAPUA,ID-PP,9625024.299
2012,INDONESIA,ID,RIAU,ID-14,SUMATERA,ID-SM,1935306.623
2012,INDONESIA,ID,SULAWESI BARAT,ID-76,SULAWESI,ID-SL,345145.7319
2012,INDONESIA,ID,SULAWESI SELATAN,ID-73,SULAWESI,ID-SL,1163870.341
2012,INDONESIA,ID,SULAWESI TENGAH,ID-72,SULAWESI,ID-SL,5344278.922
2012,INDONESIA,ID,SULAWESI TENGGARA,ID-74,SULAWESI,ID-SL,1591475.851
2012,INDONESIA,ID,SULAWESI UTARA,ID-71,SULAWESI,ID-SL,683086.4615
2012,INDONESIA,ID,SUMATERA BARAT,ID-13,SUMATERA,ID-SM,2456511.412
2012,INDONESIA,ID,SUMATERA SELATAN,ID-16,SUMATERA,ID-SM,814214.7752
2012,INDONESIA,ID,SUMATERA UTARA,ID-12,SUMATERA,ID-SM,1807561.061
2013,INDONESIA,ID,ACEH,ID-11,SUMATERA,ID-SM,3460246.607
2013,INDONESIA,ID,BALI,ID-51,NUSA TENGGARA,ID-NU,63623.54082
2013,INDONESIA,ID,BANTEN,ID-36,JAWA,ID-JW,65845.03165
2013,INDONESIA,ID,BENGKULU,ID-17,SUMATERA,ID-SM,238466.3001
2013,INDONESIA,ID,D I YOGYAKARTA,ID-34,JAWA,ID-JW,10.8
2013,INDONESIA,ID,DKI JAKARTA,ID-31,JAWA,ID-JW,48.39564706
2013,INDONESIA,ID,GORONTALO,ID-75,SULAWESI,ID-SL,330585.4768
2013,INDONESIA,ID,JAMBI,ID-15,SUMATERA,ID-SM,1707816.733
2013,INDONESIA,ID,JAWA BARAT,ID-32,JAWA,ID-JW,292454.8599
2013,INDONESIA,ID,JAWA TENGAH,ID-33,JAWA,ID-JW,87613.61118
2013,INDONESIA,ID,JAWA TIMUR,ID-35,JAWA,ID-JW,261583.5526
2013,INDONESIA,ID,KALIMANTAN BARAT,ID-61,KALIMANTAN,ID-KA,8945213.122
2013,INDONESIA,ID,KALIMANTAN SELATAN,ID-63,KALIMANTAN,ID-KA,942286.6186
2013,INDONESIA,ID,KALIMANTAN TENGAH,ID-62,KALIMANTAN,ID-KA,7322073.089
2013,INDONESIA,ID,KALIMANTAN TIMUR,ID-64,KALIMANTAN,ID-KA,6292546.285
2013,INDONESIA,ID,KALIMANTAN UTARA,ID-65,KALIMANTAN,ID-KA,3756149.811
2013,INDONESIA,ID,KEP. BANGKA BELITUNG,ID-19,SUMATERA,ID-SM,226467.3713
2013,INDONESIA,ID,KEP. RIAU,ID-21,SUMATERA,ID-SM,209570.7134
2013,INDONESIA,ID,LAMPUNG,ID-18,SUMATERA,ID-SM,259593.6064
2013,INDONESIA,ID,MALUKU,ID-81,MALUKU,ID-ML,3060567.918
2013,INDONESIA,ID,MALUKU UTARA,ID-82,MALUKU,ID-ML,2225945.963
2013,INDONESIA,ID,NUSA TENGGARA BARAT,ID-52,NUSA TENGGARA,ID-NU,449854.0465
2013,INDONESIA,ID,NUSA TENGGARA TIMUR,ID-53,NUSA TENGGARA,ID-NU,170158.3422
2013,INDONESIA,ID,PAPUA,ID-94,PAPUA,ID-PP,25062322.68
2013,INDONESIA,ID,PAPUA BARAT,ID-91,PAPUA,ID-PP,9616510.794
2013,INDONESIA,ID,RIAU,ID-14,SUMATERA,ID-SM,1835647.189
2013,INDONESIA,ID,SULAWESI BARAT,ID-76,SULAWESI,ID-SL,343943.4113
2013,INDONESIA,ID,SULAWESI SELATAN,ID-73,SULAWESI,ID-SL,1162236.042
2013,INDONESIA,ID,SULAWESI TENGAH,ID-72,SULAWESI,ID-SL,5326718.537
2013,INDONESIA,ID,SULAWESI TENGGARA,ID-74,SULAWESI,ID-SL,1586433.726
2013,INDONESIA,ID,SULAWESI UTARA,ID-71,SULAWESI,ID-SL,682631.2444
2013,INDONESIA,ID,SUMATERA BARAT,ID-13,SUMATERA,ID-SM,2437373.694
2013,INDONESIA,ID,SUMATERA SELATAN,ID-16,SUMATERA,ID-SM,808661.4028
2013,INDONESIA,ID,SUMATERA UTARA,ID-12,SUMATERA,ID-SM,1789926.791
2014,INDONESIA,ID,ACEH,ID-11,SUMATERA,ID-SM,3439432.938
2014,INDONESIA,ID,BALI,ID-51,NUSA TENGGARA,ID-NU,63609.41082
2014,INDONESIA,ID,BANTEN,ID-36,JAWA,ID-JW,65838.45071
2014,INDONESIA,ID,BENGKULU,ID-17,SUMATERA,ID-SM,236825.544
2014,INDONESIA,ID,D I YOGYAKARTA,ID-34,JAWA,ID-JW,10.8
2014,INDONESIA,ID,DKI JAKARTA,ID-31,JAWA,ID-JW,48.39564706
2014,INDONESIA,ID,GORONTALO,ID-75,SULAWESI,ID-SL,324774.9889
2014,INDONESIA,ID,JAMBI,ID-15,SUMATERA,ID-SM,1680991.662
2014,INDONESIA,ID,JAWA BARAT,ID-32,JAWA,ID-JW,292240.1432
2014,INDONESIA,ID,JAWA TENGAH,ID-33,JAWA,ID-JW,87557.99118
2014,INDONESIA,ID,JAWA TIMUR,ID-35,JAWA,ID-JW,260856.5679
2014,INDONESIA,ID,KALIMANTAN BARAT,ID-61,KALIMANTAN,ID-KA,8829406.487
2014,INDONESIA,ID,KALIMANTAN SELATAN,ID-63,KALIMANTAN,ID-KA,932941.2116
2014,INDONESIA,ID,KALIMANTAN TENGAH,ID-62,KALIMANTAN,ID-KA,7247139.761
2014,INDONESIA,ID,KALIMANTAN TIMUR,ID-64,KALIMANTAN,ID-KA,6234303.76
2014,INDONESIA,ID,KALIMANTAN UTARA,ID-65,KALIMANTAN,ID-KA,3721919.468
2014,INDONESIA,ID,KEP. BANGKA BELITUNG,ID-19,SUMATERA,ID-SM,219683.8927
2014,INDONESIA,ID,KEP. RIAU,ID-21,SUMATERA,ID-SM,201303.4754
2014,INDONESIA,ID,LAMPUNG,ID-18,SUMATERA,ID-SM,258986.814
2014,INDONESIA,ID,MALUKU,ID-81,MALUKU,ID-ML,3056891.661
2014,INDONESIA,ID,MALUKU UTARA,ID-82,MALUKU,ID-ML,2217439.94
2014,INDONESIA,ID,NUSA TENGGARA BARAT,ID-52,NUSA TENGGARA,ID-NU,449233.3232
2014,INDONESIA,ID,NUSA TENGGARA TIMUR,ID-53,NUSA TENGGARA,ID-NU,170041.614
2014,INDONESIA,ID,PAPUA,ID-94,PAPUA,ID-PP,25014708.66
2014,INDONESIA,ID,PAPUA BARAT,ID-91,PAPUA,ID-PP,9603266.919
2014,INDONESIA,ID,RIAU,ID-14,SUMATERA,ID-SM,1664565.364
2014,INDONESIA,ID,SULAWESI BARAT,ID-76,SULAWESI,ID-SL,342623.7014
2014,INDONESIA,ID,SULAWESI SELATAN,ID-73,SULAWESI,ID-SL,1158188.292
2014,INDONESIA,ID,SULAWESI TENGAH,ID-72,SULAWESI,ID-SL,5302846.112
2014,INDONESIA,ID,SULAWESI TENGGARA,ID-74,SULAWESI,ID-SL,1576992.863
2014,INDONESIA,ID,SULAWESI UTARA,ID-71,SULAWESI,ID-SL,680746.1072
2014,INDONESIA,ID,SUMATERA BARAT,ID-13,SUMATERA,ID-SM,2420694.941
2014,INDONESIA,ID,SUMATERA SELATAN,ID-16,SUMATERA,ID-SM,802399.5529
2014,INDONESIA,ID,SUMATERA UTARA,ID-12,SUMATERA,ID-SM,1763961.837
2015,INDONESIA,ID,ACEH,ID-11,SUMATERA,ID-SM,3426646.313
2015,INDONESIA,ID,BALI,ID-51,NUSA TENGGARA,ID-NU,63600.14082
2015,INDONESIA,ID,BANTEN,ID-36,JAWA,ID-JW,65836.92071
2015,INDONESIA,ID,BENGKULU,ID-17,SUMATERA,ID-SM,234659.1335
2015,INDONESIA,ID,D I YOGYAKARTA,ID-34,JAWA,ID-JW,10.8
2015,INDONESIA,ID,DKI JAKARTA,ID-31,JAWA,ID-JW,48.39564706
2015,INDONESIA,ID,GORONTALO,ID-75,SULAWESI,ID-SL,319412.4462
2015,INDONESIA,ID,JAMBI,ID-15,SUMATERA,ID-SM,1656067.493
2015,INDONESIA,ID,JAWA BARAT,ID-32,JAWA,ID-JW,292178.0432
2015,INDONESIA,ID,JAWA TENGAH,ID-33,JAWA,ID-JW,87532.70118
2015,INDONESIA,ID,JAWA TIMUR,ID-35,JAWA,ID-JW,260721.2082
2015,INDONESIA,ID,KALIMANTAN BARAT,ID-61,KALIMANTAN,ID-KA,8713610.996
2015,INDONESIA,ID,KALIMANTAN SELATAN,ID-63,KALIMANTAN,ID-KA,918116.4893
2015,INDONESIA,ID,KALIMANTAN TENGAH,ID-62,KALIMANTAN,ID-KA,7150386.881
2015,INDONESIA,ID,KALIMANTAN TIMUR,ID-64,KALIMANTAN,ID-KA,6190179.649
2015,INDONESIA,ID,KALIMANTAN UTARA,ID-65,KALIMANTAN,ID-KA,3694666.768
2015,INDONESIA,ID,KEP. BANGKA BELITUNG,ID-19,SUMATERA,ID-SM,212628.6141
2015,INDONESIA,ID,KEP. RIAU,ID-21,SUMATERA,ID-SM,199847.9301
2015,INDONESIA,ID,LAMPUNG,ID-18,SUMATERA,ID-SM,258221.2747
2015,INDONESIA,ID,MALUKU,ID-81,MALUKU,ID-ML,3031827.304
2015,INDONESIA,ID,MALUKU UTARA,ID-82,MALUKU,ID-ML,2193799.901
2015,INDONESIA,ID,NUSA TENGGARA BARAT,ID-52,NUSA TENGGARA,ID-NU,448560.3971
2015,INDONESIA,ID,NUSA TENGGARA TIMUR,ID-53,NUSA TENGGARA,ID-NU,169922.814
2015,INDONESIA,ID,PAPUA,ID-94,PAPUA,ID-PP,24956509.35
2015,INDONESIA,ID,PAPUA BARAT,ID-91,PAPUA,ID-PP,9558733.803
2015,INDONESIA,ID,RIAU,ID-14,SUMATERA,ID-SM,1626311.094
2015,INDONESIA,ID,SULAWESI BARAT,ID-76,SULAWESI,ID-SL,341064.3738
2015,INDONESIA,ID,SULAWESI SELATAN,ID-73,SULAWESI,ID-SL,1150029.496
2015,INDONESIA,ID,SULAWESI TENGAH,ID-72,SULAWESI,ID-SL,5243145.07
2015,INDONESIA,ID,SULAWESI TENGGARA,ID-74,SULAWESI,ID-SL,1563565.713
2015,INDONESIA,ID,SULAWESI UTARA,ID-71,SULAWESI,ID-SL,673597.2554
2015,INDONESIA,ID,SUMATERA BARAT,ID-13,SUMATERA,ID-SM,2407439.595
2015,INDONESIA,ID,SUMATERA SELATAN,ID-16,SUMATERA,ID-SM,794827.2032
2015,INDONESIA,ID,SUMATERA UTARA,ID-12,SUMATERA,ID-SM,1752273.485
2016,INDONESIA,ID,ACEH,ID-11,SUMATERA,ID-SM,3411504.748
2016,INDONESIA,ID,BALI,ID-51,NUSA TENGGARA,ID-NU,63570.44082
2016,INDONESIA,ID,BANTEN,ID-36,JAWA,ID-JW,65751.33106
2016,INDONESIA,ID,BENGKULU,ID-17,SUMATERA,ID-SM,232705.3454
2016,INDONESIA,ID,D I YOGYAKARTA,ID-34,JAWA,ID-JW,10.8
2016,INDONESIA,ID,DKI JAKARTA,ID-31,JAWA,ID-JW,48.39564706
2016,INDONESIA,ID,GORONTALO,ID-75,SULAWESI,ID-SL,315783.7659
2016,INDONESIA,ID,JAMBI,ID-15,SUMATERA,ID-SM,1545354.107
2016,INDONESIA,ID,JAWA BARAT,ID-32,JAWA,ID-JW,291827.2401
2016,INDONESIA,ID,JAWA TENGAH,ID-33,JAWA,ID-JW,87466.64259
2016,INDONESIA,ID,JAWA TIMUR,ID-35,JAWA,ID-JW,260343.3925
2016,INDONESIA,ID,KALIMANTAN BARAT,ID-61,KALIMANTAN,ID-KA,8627890.125
2016,INDONESIA,ID,KALIMANTAN SELATAN,ID-63,KALIMANTAN,ID-KA,901612.848
2016,INDONESIA,ID,KALIMANTAN TENGAH,ID-62,KALIMANTAN,ID-KA,6849605.178
2016,INDONESIA,ID,KALIMANTAN TIMUR,ID-64,KALIMANTAN,ID-KA,6138504.967
2016,INDONESIA,ID,KALIMANTAN UTARA,ID-65,KALIMANTAN,ID-KA,3676075.104
2016,INDONESIA,ID,KEP. BANGKA BELITUNG,ID-19,SUMATERA,ID-SM,201020.6008
2016,INDONESIA,ID,KEP. RIAU,ID-21,SUMATERA,ID-SM,196828.296
2016,INDONESIA,ID,LAMPUNG,ID-18,SUMATERA,ID-SM,256743.4052
2016,INDONESIA,ID,MALUKU,ID-81,MALUKU,ID-ML,3017963.046
2016,INDONESIA,ID,MALUKU UTARA,ID-82,MALUKU,ID-ML,2176830.315
2016,INDONESIA,ID,NUSA TENGGARA BARAT,ID-52,NUSA TENGGARA,ID-NU,447894.7581
2016,INDONESIA,ID,NUSA TENGGARA TIMUR,ID-53,NUSA TENGGARA,ID-NU,169816.344
2016,INDONESIA,ID,PAPUA,ID-94,PAPUA,ID-PP,24897599.87
2016,INDONESIA,ID,PAPUA BARAT,ID-91,PAPUA,ID-PP,9539106.083
2016,INDONESIA,ID,RIAU,ID-14,SUMATERA,ID-SM,1581762.98
2016,INDONESIA,ID,SULAWESI BARAT,ID-76,SULAWESI,ID-SL,339846.1112
2016,INDONESIA,ID,SULAWESI SELATAN,ID-73,SULAWESI,ID-SL,1139618.743
2016,INDONESIA,ID,SULAWESI TENGAH,ID-72,SULAWESI,ID-SL,5191486.267
2016,INDONESIA,ID,SULAWESI TENGGARA,ID-74,SULAWESI,ID-SL,1547315.228
2016,INDONESIA,ID,SULAWESI UTARA,ID-71,SULAWESI,ID-SL,669130.1308
2016,INDONESIA,ID,SUMATERA BARAT,ID-13,SUMATERA,ID-SM,2389854.001
2016,INDONESIA,ID,SUMATERA SELATAN,ID-16,SUMATERA,ID-SM,782566.0366
2016,INDONESIA,ID,SUMATERA UTARA,ID-12,SUMATERA,ID-SM,1740344.818
2017,INDONESIA,ID,ACEH,ID-11,SUMATERA,ID-SM,3398590.915
2017,INDONESIA,ID,BALI,ID-51,NUSA TENGGARA,ID-NU,63564.32082
2017,INDONESIA,ID,BANTEN,ID-36,JAWA,ID-JW,65742.26118
2017,INDONESIA,ID,BENGKULU,ID-17,SUMATERA,ID-SM,230034.6635
2017,INDONESIA,ID,D I YOGYAKARTA,ID-34,JAWA,ID-JW,10.8
2017,INDONESIA,ID,DKI JAKARTA,ID-31,JAWA,ID-JW,48.39564706
2017,INDONESIA,ID,GORONTALO,ID-75,SULAWESI,ID-SL,314223.0222
2017,INDONESIA,ID,JAMBI,ID-15,SUMATERA,ID-SM,1528100.355
2017,INDONESIA,ID,JAWA BARAT,ID-32,JAWA,ID-JW,291664.7933
2017,INDONESIA,ID,JAWA TENGAH,ID-33,JAWA,ID-JW,87354.05471
2017,INDONESIA,ID,JAWA TIMUR,ID-35,JAWA,ID-JW,260205.9653
2017,INDONESIA,ID,KALIMANTAN BARAT,ID-61,KALIMANTAN,ID-KA,8585280.723
2017,INDONESIA,ID,KALIMANTAN SELATAN,ID-63,KALIMANTAN,ID-KA,891642.8679
2017,INDONESIA,ID,KALIMANTAN TENGAH,ID-62,KALIMANTAN,ID-KA,6812597.181
2017,INDONESIA,ID,KALIMANTAN TIMUR,ID-64,KALIMANTAN,ID-KA,6105502.353
2017,INDONESIA,ID,KALIMANTAN UTARA,ID-65,KALIMANTAN,ID-KA,3659220.358
2017,INDONESIA,ID,KEP. BANGKA BELITUNG,ID-19,SUMATERA,ID-SM,198410.712
2017,INDONESIA,ID,KEP. RIAU,ID-21,SUMATERA,ID-SM,195093.1419
2017,INDONESIA,ID,LAMPUNG,ID-18,SUMATERA,ID-SM,256149.8629
2017,INDONESIA,ID,MALUKU,ID-81,MALUKU,ID-ML,3015180.103
2017,INDONESIA,ID,MALUKU UTARA,ID-82,MALUKU,ID-ML,2172905.781
2017,INDONESIA,ID,NUSA TENGGARA BARAT,ID-52,NUSA TENGGARA,ID-NU,447231.5509
2017,INDONESIA,ID,NUSA TENGGARA TIMUR,ID-53,NUSA TENGGARA,ID-NU,169698.624
2017,INDONESIA,ID,PAPUA,ID-94,PAPUA,ID-PP,24862726.96
2017,INDONESIA,ID,PAPUA BARAT,ID-91,PAPUA,ID-PP,9527871.413
2017,INDONESIA,ID,RIAU,ID-14,SUMATERA,ID-SM,1560294.424
2017,INDONESIA,ID,SULAWESI BARAT,ID-76,SULAWESI,ID-SL,338956.2791
2017,INDONESIA,ID,SULAWESI SELATAN,ID-73,SULAWESI,ID-SL,1135126.379
2017,INDONESIA,ID,SULAWESI TENGAH,ID-72,SULAWESI,ID-SL,5176113.774
2017,INDONESIA,ID,SULAWESI TENGGARA,ID-74,SULAWESI,ID-SL,1539009.293
2017,INDONESIA,ID,SULAWESI UTARA,ID-71,SULAWESI,ID-SL,666746.8122
2017,INDONESIA,ID,SUMATERA BARAT,ID-13,SUMATERA,ID-SM,2366530.865
2017,INDONESIA,ID,SUMATERA SELATAN,ID-16,SUMATERA,ID-SM,777165.1814
2017,INDONESIA,ID,SUMATERA UTARA,ID-12,SUMATERA,ID-SM,1725867.984
2018,INDONESIA,ID,ACEH,ID-11,SUMATERA,ID-SM,3385312.295
2018,INDONESIA,ID,BALI,ID-51,NUSA TENGGARA,ID-NU,63465.41082
2018,INDONESIA,ID,BANTEN,ID-36,JAWA,ID-JW,65731.99624
2018,INDONESIA,ID,BENGKULU,ID-17,SUMATERA,ID-SM,228050.0301
2018,INDONESIA,ID,D I YOGYAKARTA,ID-34,JAWA,ID-JW,10.8
2018,INDONESIA,ID,DKI JAKARTA,ID-31,JAWA,ID-JW,48.39564706
2018,INDONESIA,ID,GORONTALO,ID-75,SULAWESI,ID-SL,311962.0761
2018,INDONESIA,ID,JAMBI,ID-15,SUMATERA,ID-SM,1515514.64
2018,INDONESIA,ID,JAWA BARAT,ID-32,JAWA,ID-JW,291566.6153
2018,INDONESIA,ID,JAWA TENGAH,ID-33,JAWA,ID-JW,87331.91647
2018,INDONESIA,ID,JAWA TIMUR,ID-35,JAWA,ID-JW,260075.8264
2018,INDONESIA,ID,KALIMANTAN BARAT,ID-61,KALIMANTAN,ID-KA,8551054.013
2018,INDONESIA,ID,KALIMANTAN SELATAN,ID-63,KALIMANTAN,ID-KA,883951.8988
2018,INDONESIA,ID,KALIMANTAN TENGAH,ID-62,KALIMANTAN,ID-KA,6769456.83
2018,INDONESIA,ID,KALIMANTAN TIMUR,ID-64,KALIMANTAN,ID-KA,6061168.209
2018,INDONESIA,ID,KALIMANTAN UTARA,ID-65,KALIMANTAN,ID-KA,3641092.106
2018,INDONESIA,ID,KEP. BANGKA BELITUNG,ID-19,SUMATERA,ID-SM,196365.1129
2018,INDONESIA,ID,KEP. RIAU,ID-21,SUMATERA,ID-SM,193762.5148
2018,INDONESIA,ID,LAMPUNG,ID-18,SUMATERA,ID-SM,255867.4468
2018,INDONESIA,ID,MALUKU,ID-81,MALUKU,ID-ML,3010562.916
2018,INDONESIA,ID,MALUKU UTARA,ID-82,MALUKU,ID-ML,2168451.155
2018,INDONESIA,ID,NUSA TENGGARA BARAT,ID-52,NUSA TENGGARA,ID-NU,446591.4738
2018,INDONESIA,ID,NUSA TENGGARA TIMUR,ID-53,NUSA TENGGARA,ID-NU,169586.934
2018,INDONESIA,ID,PAPUA,ID-94,PAPUA,ID-PP,24842143.38
2018,INDONESIA,ID,PAPUA BARAT,ID-91,PAPUA,ID-PP,9513175.445
2018,INDONESIA,ID,RIAU,ID-14,SUMATERA,ID-SM,1542995.11
2018,INDONESIA,ID,SULAWESI BARAT,ID-76,SULAWESI,ID-SL,338230.5349
2018,INDONESIA,ID,SULAWESI SELATAN,ID-73,SULAWESI,ID-SL,1132656.406
2018,INDONESIA,ID,SULAWESI TENGAH,ID-72,SULAWESI,ID-SL,5160377.635
2018,INDONESIA,ID,SULAWESI TENGGARA,ID-74,SULAWESI,ID-SL,1533150.899
2018,INDONESIA,ID,SULAWESI UTARA,ID-71,SULAWESI,ID-SL,665093.0965
2018,INDONESIA,ID,SUMATERA BARAT,ID-13,SUMATERA,ID-SM,2349751.364
2018,INDONESIA,ID,SUMATERA SELATAN,ID-16,SUMATERA,ID-SM,770512.8741
2018,INDONESIA,ID,SUMATERA UTARA,ID-12,SUMATERA,ID-SM,1718512.714
2019,INDONESIA,ID,ACEH,ID-11,SUMATERA,ID-SM,3377339.345
2019,INDONESIA,ID,BALI,ID-51,NUSA TENGGARA,ID-NU,63403.40118
2019,INDONESIA,ID,BANTEN,ID-36,JAWA,ID-JW,65149.35035
2019,INDONESIA,ID,BENGKULU,ID-17,SUMATERA,ID-SM,226999.6609
2019,INDONESIA,ID,D I YOGYAKARTA,ID-34,JAWA,ID-JW,10.8
2019,INDONESIA,ID,DKI JAKARTA,ID-31,JAWA,ID-JW,48.39564706
2019,INDONESIA,ID,GORONTALO,ID-75,SULAWESI,ID-SL,310155.1514
2019,INDONESIA,ID,JAMBI,ID-15,SUMATERA,ID-SM,1479650.623
2019,INDONESIA,ID,JAWA BARAT,ID-32,JAWA,ID-JW,291500.5578
2019,INDONESIA,ID,JAWA TENGAH,ID-33,JAWA,ID-JW,87297.17647
2019,INDONESIA,ID,JAWA TIMUR,ID-35,JAWA,ID-JW,259799.2599
2019,INDONESIA,ID,KALIMANTAN BARAT,ID-61,KALIMANTAN,ID-KA,8504071.826
2019,INDONESIA,ID,KALIMANTAN SELATAN,ID-63,KALIMANTAN,ID-KA,876978.0515
2019,INDONESIA,ID,KALIMANTAN TENGAH,ID-62,KALIMANTAN,ID-KA,6709267.937
2019,INDONESIA,ID,KALIMANTAN TIMUR,ID-64,KALIMANTAN,ID-KA,6026776.424
2019,INDONESIA,ID,KALIMANTAN UTARA,ID-65,KALIMANTAN,ID-KA,3625698.047
2019,INDONESIA,ID,KEP. BANGKA BELITUNG,ID-19,SUMATERA,ID-SM,194503.0274
2019,INDONESIA,ID,KEP. RIAU,ID-21,SUMATERA,ID-SM,192029.3146
2019,INDONESIA,ID,LAMPUNG,ID-18,SUMATERA,ID-SM,255333.2107
2019,INDONESIA,ID,MALUKU,ID-81,MALUKU,ID-ML,3004501.264
2019,INDONESIA,ID,MALUKU UTARA,ID-82,MALUKU,ID-ML,2163283.97
2019,INDONESIA,ID,NUSA TENGGARA BARAT,ID-52,NUSA TENGGARA,ID-NU,445081.0962
2019,INDONESIA,ID,NUSA TENGGARA TIMUR,ID-53,NUSA TENGGARA,ID-NU,169207.1411
2019,INDONESIA,ID,PAPUA,ID-94,PAPUA,ID-PP,24819392.7
2019,INDONESIA,ID,PAPUA BARAT,ID-91,PAPUA,ID-PP,9501762.925
2019,INDONESIA,ID,RIAU,ID-14,SUMATERA,ID-SM,1520307.736
2019,INDONESIA,ID,SULAWESI BARAT,ID-76,SULAWESI,ID-SL,337558.1442
2019,INDONESIA,ID,SULAWESI SELATAN,ID-73,SULAWESI,ID-SL,1130490.993
2019,INDONESIA,ID,SULAWESI TENGAH,ID-72,SULAWESI,ID-SL,5144830.286
2019,INDONESIA,ID,SULAWESI TENGGARA,ID-74,SULAWESI,ID-SL,1523151.347
2019,INDONESIA,ID,SULAWESI UTARA,ID-71,SULAWESI,ID-SL,663907.7206
2019,INDONESIA,ID,SUMATERA BARAT,ID-13,SUMATERA,ID-SM,2338858.948
2019,INDONESIA,ID,SUMATERA SELATAN,ID-16,SUMATERA,ID-SM,764945.3495
2019,INDONESIA,ID,SUMATERA UTARA,ID-12,SUMATERA,ID-SM,1712608.602
2020,INDONESIA,ID,ACEH,ID-11,SUMATERA,ID-SM,3369827.023
2020,INDONESIA,ID,BALI,ID-51,NUSA TENGGARA,ID-NU,63342.47118
2020,INDONESIA,ID,BANTEN,ID-36,JAWA,ID-JW,65099.87612
2020,INDONESIA,ID,BENGKULU,ID-17,SUMATERA,ID-SM,226017.0784
2020,INDONESIA,ID,D I YOGYAKARTA,ID-34,JAWA,ID-JW,10.8
2020,INDONESIA,ID,DKI JAKARTA,ID-31,JAWA,ID-JW,48.39564706
2020,INDONESIA,ID,GORONTALO,ID-75,SULAWESI,ID-SL,309393.8541
2020,INDONESIA,ID,JAMBI,ID-15,SUMATERA,ID-SM,1466060.651
2020,INDONESIA,ID,JAWA BARAT,ID-32,JAWA,ID-JW,291361.5088
2020,INDONESIA,ID,JAWA TENGAH,ID-33,JAWA,ID-JW,87218.26729
2020,INDONESIA,ID,JAWA TIMUR,ID-35,JAWA,ID-JW,258989.3615
2020,INDONESIA,ID,KALIMANTAN BARAT,ID-61,KALIMANTAN,ID-KA,8469772.509
2020,INDONESIA,ID,KALIMANTAN SELATAN,ID-63,KALIMANTAN,ID-KA,871029.0667
2020,INDONESIA,ID,KALIMANTAN TENGAH,ID-62,KALIMANTAN,ID-KA,6669163.53
2020,INDONESIA,ID,KALIMANTAN TIMUR,ID-64,KALIMANTAN,ID-KA,6008484.42
2020,INDONESIA,ID,KALIMANTAN UTARA,ID-65,KALIMANTAN,ID-KA,3612918.622
2020,INDONESIA,ID,KEP. BANGKA BELITUNG,ID-19,SUMATERA,ID-SM,192064.2406
2020,INDONESIA,ID,KEP. RIAU,ID-21,SUMATERA,ID-SM,190397.2002
2020,INDONESIA,ID,LAMPUNG,ID-18,SUMATERA,ID-SM,254911.4742
2020,INDONESIA,ID,MALUKU,ID-81,MALUKU,ID-ML,3002580.221
2020,INDONESIA,ID,MALUKU UTARA,ID-82,MALUKU,ID-ML,2159876.623
2020,INDONESIA,ID,NUSA TENGGARA BARAT,ID-52,NUSA TENGGARA,ID-NU,443067.7112
2020,INDONESIA,ID,NUSA TENGGARA TIMUR,ID-53,NUSA TENGGARA,ID-NU,168652.6641
2020,INDONESIA,ID,PAPUA,ID-94,PAPUA,ID-PP,24804841.56
2020,INDONESIA,ID,PAPUA BARAT,ID-91,PAPUA,ID-PP,9492093.75
2020,INDONESIA,ID,RIAU,ID-14,SUMATERA,ID-SM,1508071.879
2020,INDONESIA,ID,SULAWESI BARAT,ID-76,SULAWESI,ID-SL,336950.7046
2020,INDONESIA,ID,SULAWESI SELATAN,ID-73,SULAWESI,ID-SL,1128090.836
2020,INDONESIA,ID,SULAWESI TENGAH,ID-72,SULAWESI,ID-SL,5134321.248
2020,INDONESIA,ID,SULAWESI TENGGARA,ID-74,SULAWESI,ID-SL,1516621.433
2020,INDONESIA,ID,SULAWESI UTARA,ID-71,SULAWESI,ID-SL,663057.5958
2020,INDONESIA,ID,SUMATERA BARAT,ID-13,SUMATERA,ID-SM,2330487.411
2020,INDONESIA,ID,SUMATERA SELATAN,ID-16,SUMATERA,ID-SM,760477.5261
2020,INDONESIA,ID,SUMATERA UTARA,ID-12,SUMATERA,ID-SM,1707526.444
2021,INDONESIA,ID,ACEH,ID-11,SUMATERA,ID-SM,3362802.118
2021,INDONESIA,ID,BALI,ID-51,NUSA TENGGARA,ID-NU,63307.28153
2021,INDONESIA,ID,BANTEN,ID-36,JAWA,ID-JW,65087.01565
2021,INDONESIA,ID,BENGKULU,ID-17,SUMATERA,ID-SM,224847.6773
2021,INDONESIA,ID,D I YOGYAKARTA,ID-34,JAWA,ID-JW,9.81
2021,INDONESIA,ID,DKI JAKARTA,ID-31,JAWA,ID-JW,48.39564706
2021,INDONESIA,ID,GORONTALO,ID-75,SULAWESI,ID-SL,309076.6119
2021,INDONESIA,ID,JAMBI,ID-15,SUMATERA,ID-SM,1456638.479
2021,INDONESIA,ID,JAWA BARAT,ID-32,JAWA,ID-JW,291284.4724
2021,INDONESIA,ID,JAWA TENGAH,ID-33,JAWA,ID-JW,87100.09976
2021,INDONESIA,ID,JAWA TIMUR,ID-35,JAWA,ID-JW,258890.8115
2021,INDONESIA,ID,KALIMANTAN BARAT,ID-61,KALIMANTAN,ID-KA,8445489.069
2021,INDONESIA,ID,KALIMANTAN SELATAN,ID-63,KALIMANTAN,ID-KA,868196.9838
2021,INDONESIA,ID,KALIMANTAN TENGAH,ID-62,KALIMANTAN,ID-KA,6649166.522
2021,INDONESIA,ID,KALIMANTAN TIMUR,ID-64,KALIMANTAN,ID-KA,5993452.73
2021,INDONESIA,ID,KALIMANTAN UTARA,ID-65,KALIMANTAN,ID-KA,3601514.463
2021,INDONESIA,ID,KEP. BANGKA BELITUNG,ID-19,SUMATERA,ID-SM,189328.6271
2021,INDONESIA,ID,KEP. RIAU,ID-21,SUMATERA,ID-SM,189703.1209
2021,INDONESIA,ID,LAMPUNG,ID-18,SUMATERA,ID-SM,254770.3578
2021,INDONESIA,ID,MALUKU,ID-81,MALUKU,ID-ML,3001192.451
2021,INDONESIA,ID,MALUKU UTARA,ID-82,MALUKU,ID-ML,2157183.32
2021,INDONESIA,ID,NUSA TENGGARA BARAT,ID-52,NUSA TENGGARA,ID-NU,442330.6172
2021,INDONESIA,ID,NUSA TENGGARA TIMUR,ID-53,NUSA TENGGARA,ID-NU,168189.9918
2021,INDONESIA,ID,PAPUA,ID-94,PAPUA,ID-PP,24792524.94
2021,INDONESIA,ID,PAPUA BARAT,ID-91,PAPUA,ID-PP,9483391.882
2021,INDONESIA,ID,RIAU,ID-14,SUMATERA,ID-SM,1494520.521
2021,INDONESIA,ID,SULAWESI BARAT,ID-76,SULAWESI,ID-SL,335305.4538
2021,INDONESIA,ID,SULAWESI SELATAN,ID-73,SULAWESI,ID-SL,1126475.85
2021,INDONESIA,ID,SULAWESI TENGAH,ID-72,SULAWESI,ID-SL,5124591.526
2021,INDONESIA,ID,SULAWESI TENGGARA,ID-74,SULAWESI,ID-SL,1513057.838
2021,INDONESIA,ID,SULAWESI UTARA,ID-71,SULAWESI,ID-SL,662638.1146
2021,INDONESIA,ID,SUMATERA BARAT,ID-13,SUMATERA,ID-SM,2317917.284
2021,INDONESIA,ID,SUMATERA SELATAN,ID-16,SUMATERA,ID-SM,757805.4293
2021,INDONESIA,ID,SUMATERA UTARA,ID-12,SUMATERA,ID-SM,1700318.298
2022,INDONESIA,ID,ACEH,ID-11,SUMATERA,ID-SM,3355018.402
2022,INDONESIA,ID,BALI,ID-51,NUSA TENGGARA,ID-NU,63264.08153
2022,INDONESIA,ID,BANTEN,ID-36,JAWA,ID-JW,65084.13565
2022,INDONESIA,ID,BENGKULU,ID-17,SUMATERA,ID-SM,222415.8716
2022,INDONESIA,ID,D I YOGYAKARTA,ID-34,JAWA,ID-JW,9.72
2022,INDONESIA,ID,DKI JAKARTA,ID-31,JAWA,ID-JW,48.39564706
2022,INDONESIA,ID,GORONTALO,ID-75,SULAWESI,ID-SL,308567.0552
2022,INDONESIA,ID,JAMBI,ID-15,SUMATERA,ID-SM,1445552.749
2022,INDONESIA,ID,JAWA BARAT,ID-32,JAWA,ID-JW,291174.0431
2022,INDONESIA,ID,JAWA TENGAH,ID-33,JAWA,ID-JW,87051.32153
2022,INDONESIA,ID,JAWA TIMUR,ID-35,JAWA,ID-JW,258780.8315
2022,INDONESIA,ID,KALIMANTAN BARAT,ID-61,KALIMANTAN,ID-KA,8411437.014
2022,INDONESIA,ID,KALIMANTAN SELATAN,ID-63,KALIMANTAN,ID-KA,864138.6459
2022,INDONESIA,ID,KALIMANTAN TENGAH,ID-62,KALIMANTAN,ID-KA,6619953.815
2022,INDONESIA,ID,KALIMANTAN TIMUR,ID-64,KALIMANTAN,ID-KA,5978207.503
2022,INDONESIA,ID,KALIMANTAN UTARA,ID-65,KALIMANTAN,ID-KA,3590510.554
2022,INDONESIA,ID,KEP. BANGKA BELITUNG,ID-19,SUMATERA,ID-SM,187000.9059
2022,INDONESIA,ID,KEP. RIAU,ID-21,SUMATERA,ID-SM,188972.4155
2022,INDONESIA,ID,LAMPUNG,ID-18,SUMATERA,ID-SM,254366.4798
2022,INDONESIA,ID,MALUKU,ID-81,MALUKU,ID-ML,2999291.06
2022,INDONESIA,ID,MALUKU UTARA,ID-82,MALUKU,ID-ML,2154109.591
2022,INDONESIA,ID,NUSA TENGGARA BARAT,ID-52,NUSA TENGGARA,ID-NU,441694.0578
2022,INDONESIA,ID,NUSA TENGGARA TIMUR,ID-53,NUSA TENGGARA,ID-NU,167821.8953
2022,INDONESIA,ID,PAPUA,ID-94,PAPUA,ID-PP,24780805.35
2022,INDONESIA,ID,PAPUA BARAT,ID-91,PAPUA,ID-PP,9473069.847
2022,INDONESIA,ID,RIAU,ID-14,SUMATERA,ID-SM,1477065.302
2022,INDONESIA,ID,SULAWESI BARAT,ID-76,SULAWESI,ID-SL,334657.6366
2022,INDONESIA,ID,SULAWESI SELATAN,ID-73,SULAWESI,ID-SL,1123847.418
2022,INDONESIA,ID,SULAWESI TENGAH,ID-72,SULAWESI,ID-SL,5113628.142
2022,INDONESIA,ID,SULAWESI TENGGARA,ID-74,SULAWESI,ID-SL,1510112.917
2022,INDONESIA,ID,SULAWESI UTARA,ID-71,SULAWESI,ID-SL,662270.8292
2022,INDONESIA,ID,SUMATERA BARAT,ID-13,SUMATERA,ID-SM,2301373.128
2022,INDONESIA,ID,SUMATERA SELATAN,ID-16,SUMATERA,ID-SM,756225.2735
2022,INDONESIA,ID,SUMATERA UTARA,ID-12,SUMATERA,ID-SM,1692400.447
