year,country,country_iso2,region,region_trase_id,parent_region,parent_region_trase_id,deforestation_hectares
2001,INDONESIA,ID,ACEH,ID-11,SUMATERA,ID-SM,4097.692235
2001,INDONESIA,ID,BALI,ID-51,NUSA TENGGARA,ID-NU,5.13
2001,INDONESIA,ID,BANTEN,ID-36,JAWA,ID-JW,1.26
2001,INDONESIA,ID,BENGKULU,ID-17,SUMATERA,ID-SM,1906.404
2001,INDONESIA,ID,D I YOGYAKARTA,ID-34,JAWA,ID-JW,0
2001,INDONESIA,ID,DKI JAKARTA,ID-31,JAWA,ID-JW,0
2001,INDONESIA,ID,GORONTALO,ID-75,SULAWESI,ID-SL,595.1032941
2001,INDONESIA,ID,JAMBI,ID-15,SUMATERA,ID-SM,17097.834
2001,INDONESIA,ID,JAWA BARAT,ID-32,JAWA,ID-JW,458.8284706
2001,INDONESIA,ID,JAWA TENGAH,ID-33,JAWA,ID-JW,134.0767059
2001,INDONESIA,ID,JAWA TIMUR,ID-35,JAWA,ID-JW,366.5643529
2001,INDONESIA,ID,KALIMANTAN BARAT,ID-61,KALIMANTAN,ID-KA,12709.88153
2001,INDONESIA,ID,KALIMANTAN SELATAN,ID-63,KALIMANTAN,ID-KA,2771.675647
2001,INDONESIA,ID,KALIMANTAN TENGAH,ID-62,KALIMANTAN,ID-KA,15928.46541
2001,INDONESIA,ID,KALIMANTAN TIMUR,ID-64,KALIMANTAN,ID-KA,7170.694941
2001,INDONESIA,ID,KALIMANTAN UTARA,ID-65,KALIMANTAN,ID-KA,9032.170941
2001,INDONESIA,ID,KEP. BANGKA BELITUNG,ID-19,SUMATERA,ID-SM,753.6578824
2001,INDONESIA,ID,KEP. RIAU,ID-21,SUMATERA,ID-SM,253.2578824
2001,INDONESIA,ID,LAMPUNG,ID-18,SUMATERA,ID-SM,850.8536471
2001,INDONESIA,ID,MALUKU,ID-81,MALUKU,ID-ML,546.3854118
2001,INDONESIA,ID,MALUKU UTARA,ID-82,MALUKU,ID-ML,1587.133059
2001,INDONESIA,ID,NUSA TENGGARA BARAT,ID-52,NUSA TENGGARA,ID-NU,514.5296471
2001,INDONESIA,ID,NUSA TENGGARA TIMUR,ID-53,NUSA TENGGARA,ID-NU,49.58964706
2001,INDONESIA,ID,PAPUA,ID-94,PAPUA,ID-PP,11356.53741
2001,INDONESIA,ID,PAPUA BARAT,ID-91,PAPUA,ID-PP,6162.148588
2001,INDONESIA,ID,RIAU,ID-14,SUMATERA,ID-SM,75254.86165
2001,INDONESIA,ID,SULAWESI BARAT,ID-76,SULAWESI,ID-SL,2677.779882
2001,INDONESIA,ID,SULAWESI SELATAN,ID-73,SULAWESI,ID-SL,2374.354941
2001,INDONESIA,ID,SULAWESI TENGAH,ID-72,SULAWESI,ID-SL,6818.831647
2001,INDONESIA,ID,SULAWESI TENGGARA,ID-74,SULAWESI,ID-SL,2704.130824
2001,INDONESIA,ID,SULAWESI UTARA,ID-71,SULAWESI,ID-SL,961.1177647
2001,INDONESIA,ID,SUMATERA BARAT,ID-13,SUMATERA,ID-SM,8424.135882
2001,INDONESIA,ID,SUMATERA SELATAN,ID-16,SUMATERA,ID-SM,1898.638235
2001,INDONESIA,ID,SUMATERA UTARA,ID-12,SUMATERA,ID-SM,9180.584824
2002,INDONESIA,ID,ACEH,ID-11,SUMATERA,ID-SM,2935.927765
2002,INDONESIA,ID,BALI,ID-51,NUSA TENGGARA,ID-NU,10.26
2002,INDONESIA,ID,BANTEN,ID-36,JAWA,ID-JW,10.62
2002,INDONESIA,ID,BENGKULU,ID-17,SUMATERA,ID-SM,1422.145765
2002,INDONESIA,ID,D I YOGYAKARTA,ID-34,JAWA,ID-JW,0
2002,INDONESIA,ID,DKI JAKARTA,ID-31,JAWA,ID-JW,0
2002,INDONESIA,ID,GORONTALO,ID-75,SULAWESI,ID-SL,2394.084706
2002,INDONESIA,ID,JAMBI,ID-15,SUMATERA,ID-SM,16031.50482
2002,INDONESIA,ID,JAWA BARAT,ID-32,JAWA,ID-JW,187.1029412
2002,INDONESIA,ID,JAWA TENGAH,ID-33,JAWA,ID-JW,81.62929412
2002,INDONESIA,ID,JAWA TIMUR,ID-35,JAWA,ID-JW,401.2154118
2002,INDONESIA,ID,KALIMANTAN BARAT,ID-61,KALIMANTAN,ID-KA,17141.01812
2002,INDONESIA,ID,KALIMANTAN SELATAN,ID-63,KALIMANTAN,ID-KA,5946.161647
2002,INDONESIA,ID,KALIMANTAN TENGAH,ID-62,KALIMANTAN,ID-KA,33399.06812
2002,INDONESIA,ID,KALIMANTAN TIMUR,ID-64,KALIMANTAN,ID-KA,8807.451882
2002,INDONESIA,ID,KALIMANTAN UTARA,ID-65,KALIMANTAN,ID-KA,11411.33541
2002,INDONESIA,ID,KEP. BANGKA BELITUNG,ID-19,SUMATERA,ID-SM,834.3321176
2002,INDONESIA,ID,KEP. RIAU,ID-21,SUMATERA,ID-SM,1162.433647
2002,INDONESIA,ID,LAMPUNG,ID-18,SUMATERA,ID-SM,972.8057647
2002,INDONESIA,ID,MALUKU,ID-81,MALUKU,ID-ML,4013.499176
2002,INDONESIA,ID,MALUKU UTARA,ID-82,MALUKU,ID-ML,9763.590353
2002,INDONESIA,ID,NUSA TENGGARA BARAT,ID-52,NUSA TENGGARA,ID-NU,501.2943529
2002,INDONESIA,ID,NUSA TENGGARA TIMUR,ID-53,NUSA TENGGARA,ID-NU,216.4461176
2002,INDONESIA,ID,PAPUA,ID-94,PAPUA,ID-PP,17400.99741
2002,INDONESIA,ID,PAPUA BARAT,ID-91,PAPUA,ID-PP,14043.744
2002,INDONESIA,ID,RIAU,ID-14,SUMATERA,ID-SM,90245.65624
2002,INDONESIA,ID,SULAWESI BARAT,ID-76,SULAWESI,ID-SL,1834.935882
2002,INDONESIA,ID,SULAWESI SELATAN,ID-73,SULAWESI,ID-SL,4422.374824
2002,INDONESIA,ID,SULAWESI TENGAH,ID-72,SULAWESI,ID-SL,16104.52518
2002,INDONESIA,ID,SULAWESI TENGGARA,ID-74,SULAWESI,ID-SL,3844.320706
2002,INDONESIA,ID,SULAWESI UTARA,ID-71,SULAWESI,ID-SL,2955.103765
2002,INDONESIA,ID,SUMATERA BARAT,ID-13,SUMATERA,ID-SM,12418.43612
2002,INDONESIA,ID,SUMATERA SELATAN,ID-16,SUMATERA,ID-SM,2004.439412
2002,INDONESIA,ID,SUMATERA UTARA,ID-12,SUMATERA,ID-SM,7690.975059
2003,INDONESIA,ID,ACEH,ID-11,SUMATERA,ID-SM,5761.893176
2003,INDONESIA,ID,BALI,ID-51,NUSA TENGGARA,ID-NU,18.99
2003,INDONESIA,ID,BANTEN,ID-36,JAWA,ID-JW,4.77
2003,INDONESIA,ID,BENGKULU,ID-17,SUMATERA,ID-SM,2374.844471
2003,INDONESIA,ID,D I YOGYAKARTA,ID-34,JAWA,ID-JW,0
2003,INDONESIA,ID,DKI JAKARTA,ID-31,JAWA,ID-JW,0
2003,INDONESIA,ID,GORONTALO,ID-75,SULAWESI,ID-SL,1195.012235
2003,INDONESIA,ID,JAMBI,ID-15,SUMATERA,ID-SM,10869.24635
2003,INDONESIA,ID,JAWA BARAT,ID-32,JAWA,ID-JW,214.0175294
2003,INDONESIA,ID,JAWA TENGAH,ID-33,JAWA,ID-JW,75.59682353
2003,INDONESIA,ID,JAWA TIMUR,ID-35,JAWA,ID-JW,313.2797647
2003,INDONESIA,ID,KALIMANTAN BARAT,ID-61,KALIMANTAN,ID-KA,13760.99259
2003,INDONESIA,ID,KALIMANTAN SELATAN,ID-63,KALIMANTAN,ID-KA,4369.946824
2003,INDONESIA,ID,KALIMANTAN TENGAH,ID-62,KALIMANTAN,ID-KA,77277.94412
2003,INDONESIA,ID,KALIMANTAN TIMUR,ID-64,KALIMANTAN,ID-KA,7013.844353
2003,INDONESIA,ID,KALIMANTAN UTARA,ID-65,KALIMANTAN,ID-KA,10423.92529
2003,INDONESIA,ID,KEP. BANGKA BELITUNG,ID-19,SUMATERA,ID-SM,611.0082353
2003,INDONESIA,ID,KEP. RIAU,ID-21,SUMATERA,ID-SM,476.9068235
2003,INDONESIA,ID,LAMPUNG,ID-18,SUMATERA,ID-SM,531.8018824
2003,INDONESIA,ID,MALUKU,ID-81,MALUKU,ID-ML,1255.759765
2003,INDONESIA,ID,MALUKU UTARA,ID-82,MALUKU,ID-ML,6319.564588
2003,INDONESIA,ID,NUSA TENGGARA BARAT,ID-52,NUSA TENGGARA,ID-NU,286.5578824
2003,INDONESIA,ID,NUSA TENGGARA TIMUR,ID-53,NUSA TENGGARA,ID-NU,361.0764706
2003,INDONESIA,ID,PAPUA,ID-94,PAPUA,ID-PP,13525.60165
2003,INDONESIA,ID,PAPUA BARAT,ID-91,PAPUA,ID-PP,9749.814353
2003,INDONESIA,ID,RIAU,ID-14,SUMATERA,ID-SM,39976.67965
2003,INDONESIA,ID,SULAWESI BARAT,ID-76,SULAWESI,ID-SL,1701.709412
2003,INDONESIA,ID,SULAWESI SELATAN,ID-73,SULAWESI,ID-SL,2441.478353
2003,INDONESIA,ID,SULAWESI TENGAH,ID-72,SULAWESI,ID-SL,11893.78976
2003,INDONESIA,ID,SULAWESI TENGGARA,ID-74,SULAWESI,ID-SL,6172.663412
2003,INDONESIA,ID,SULAWESI UTARA,ID-71,SULAWESI,ID-SL,1663.109294
2003,INDONESIA,ID,SUMATERA BARAT,ID-13,SUMATERA,ID-SM,7032.819176
2003,INDONESIA,ID,SUMATERA SELATAN,ID-16,SUMATERA,ID-SM,1149.123529
2003,INDONESIA,ID,SUMATERA UTARA,ID-12,SUMATERA,ID-SM,12896.89129
2004,INDONESIA,ID,ACEH,ID-11,SUMATERA,ID-SM,5588.036118
2004,INDONESIA,ID,BALI,ID-51,NUSA TENGGARA,ID-NU,1.17
2004,INDONESIA,ID,BANTEN,ID-36,JAWA,ID-JW,55.52858824
2004,INDONESIA,ID,BENGKULU,ID-17,SUMATERA,ID-SM,4448.904
2004,INDONESIA,ID,D I YOGYAKARTA,ID-34,JAWA,ID-JW,0
2004,INDONESIA,ID,DKI JAKARTA,ID-31,JAWA,ID-JW,0
2004,INDONESIA,ID,GORONTALO,ID-75,SULAWESI,ID-SL,2085.21
2004,INDONESIA,ID,JAMBI,ID-15,SUMATERA,ID-SM,45501.86859
2004,INDONESIA,ID,JAWA BARAT,ID-32,JAWA,ID-JW,150.12
2004,INDONESIA,ID,JAWA TENGAH,ID-33,JAWA,ID-JW,205.9150588
2004,INDONESIA,ID,JAWA TIMUR,ID-35,JAWA,ID-JW,537.9744706
2004,INDONESIA,ID,KALIMANTAN BARAT,ID-61,KALIMANTAN,ID-KA,34136.39576
2004,INDONESIA,ID,KALIMANTAN SELATAN,ID-63,KALIMANTAN,ID-KA,10962.48176
2004,INDONESIA,ID,KALIMANTAN TENGAH,ID-62,KALIMANTAN,ID-KA,56650.45624
2004,INDONESIA,ID,KALIMANTAN TIMUR,ID-64,KALIMANTAN,ID-KA,14942.65412
2004,INDONESIA,ID,KALIMANTAN UTARA,ID-65,KALIMANTAN,ID-KA,22879.64047
2004,INDONESIA,ID,KEP. BANGKA BELITUNG,ID-19,SUMATERA,ID-SM,3541.542706
2004,INDONESIA,ID,KEP. RIAU,ID-21,SUMATERA,ID-SM,781.4403529
2004,INDONESIA,ID,LAMPUNG,ID-18,SUMATERA,ID-SM,1093.858941
2004,INDONESIA,ID,MALUKU,ID-81,MALUKU,ID-ML,2182.387412
2004,INDONESIA,ID,MALUKU UTARA,ID-82,MALUKU,ID-ML,4992.962824
2004,INDONESIA,ID,NUSA TENGGARA BARAT,ID-52,NUSA TENGGARA,ID-NU,489.6
2004,INDONESIA,ID,NUSA TENGGARA TIMUR,ID-53,NUSA TENGGARA,ID-NU,177.5664706
2004,INDONESIA,ID,PAPUA,ID-94,PAPUA,ID-PP,14049.26365
2004,INDONESIA,ID,PAPUA BARAT,ID-91,PAPUA,ID-PP,14086.10188
2004,INDONESIA,ID,RIAU,ID-14,SUMATERA,ID-SM,192682.9408
2004,INDONESIA,ID,SULAWESI BARAT,ID-76,SULAWESI,ID-SL,2815.912235
2004,INDONESIA,ID,SULAWESI SELATAN,ID-73,SULAWESI,ID-SL,5756.534824
2004,INDONESIA,ID,SULAWESI TENGAH,ID-72,SULAWESI,ID-SL,21490.58329
2004,INDONESIA,ID,SULAWESI TENGGARA,ID-74,SULAWESI,ID-SL,19204.21694
2004,INDONESIA,ID,SULAWESI UTARA,ID-71,SULAWESI,ID-SL,3304.050706
2004,INDONESIA,ID,SUMATERA BARAT,ID-13,SUMATERA,ID-SM,14311.13118
2004,INDONESIA,ID,SUMATERA SELATAN,ID-16,SUMATERA,ID-SM,3472.157294
2004,INDONESIA,ID,SUMATERA UTARA,ID-12,SUMATERA,ID-SM,27597.04976
2005,INDONESIA,ID,ACEH,ID-11,SUMATERA,ID-SM,9770.899765
2005,INDONESIA,ID,BALI,ID-51,NUSA TENGGARA,ID-NU,11.25
2005,INDONESIA,ID,BANTEN,ID-36,JAWA,ID-JW,16.19717647
2005,INDONESIA,ID,BENGKULU,ID-17,SUMATERA,ID-SM,2135.484
2005,INDONESIA,ID,D I YOGYAKARTA,ID-34,JAWA,ID-JW,0
2005,INDONESIA,ID,DKI JAKARTA,ID-31,JAWA,ID-JW,0
2005,INDONESIA,ID,GORONTALO,ID-75,SULAWESI,ID-SL,1464.238235
2005,INDONESIA,ID,JAMBI,ID-15,SUMATERA,ID-SM,40026.85165
2005,INDONESIA,ID,JAWA BARAT,ID-32,JAWA,ID-JW,64.62
2005,INDONESIA,ID,JAWA TENGAH,ID-33,JAWA,ID-JW,61.04011765
2005,INDONESIA,ID,JAWA TIMUR,ID-35,JAWA,ID-JW,192.5085882
2005,INDONESIA,ID,KALIMANTAN BARAT,ID-61,KALIMANTAN,ID-KA,38463.81635
2005,INDONESIA,ID,KALIMANTAN SELATAN,ID-63,KALIMANTAN,ID-KA,5831.353059
2005,INDONESIA,ID,KALIMANTAN TENGAH,ID-62,KALIMANTAN,ID-KA,63252.87812
2005,INDONESIA,ID,KALIMANTAN TIMUR,ID-64,KALIMANTAN,ID-KA,16445.29129
2005,INDONESIA,ID,KALIMANTAN UTARA,ID-65,KALIMANTAN,ID-KA,19244.22459
2005,INDONESIA,ID,KEP. BANGKA BELITUNG,ID-19,SUMATERA,ID-SM,2697.914824
2005,INDONESIA,ID,KEP. RIAU,ID-21,SUMATERA,ID-SM,2552.708471
2005,INDONESIA,ID,LAMPUNG,ID-18,SUMATERA,ID-SM,427.9425882
2005,INDONESIA,ID,MALUKU,ID-81,MALUKU,ID-ML,1535.663294
2005,INDONESIA,ID,MALUKU UTARA,ID-82,MALUKU,ID-ML,2780.540118
2005,INDONESIA,ID,NUSA TENGGARA BARAT,ID-52,NUSA TENGGARA,ID-NU,367.38
2005,INDONESIA,ID,NUSA TENGGARA TIMUR,ID-53,NUSA TENGGARA,ID-NU,333.5354118
2005,INDONESIA,ID,PAPUA,ID-94,PAPUA,ID-PP,12569.50412
2005,INDONESIA,ID,PAPUA BARAT,ID-91,PAPUA,ID-PP,7323.611294
2005,INDONESIA,ID,RIAU,ID-14,SUMATERA,ID-SM,214225.0341
2005,INDONESIA,ID,SULAWESI BARAT,ID-76,SULAWESI,ID-SL,2084.713059
2005,INDONESIA,ID,SULAWESI SELATAN,ID-73,SULAWESI,ID-SL,3616.274471
2005,INDONESIA,ID,SULAWESI TENGAH,ID-72,SULAWESI,ID-SL,10753.26176
2005,INDONESIA,ID,SULAWESI TENGGARA,ID-74,SULAWESI,ID-SL,7301.470941
2005,INDONESIA,ID,SULAWESI UTARA,ID-71,SULAWESI,ID-SL,1678.92
2005,INDONESIA,ID,SUMATERA BARAT,ID-13,SUMATERA,ID-SM,16995.93988
2005,INDONESIA,ID,SUMATERA SELATAN,ID-16,SUMATERA,ID-SM,2619.851647
2005,INDONESIA,ID,SUMATERA UTARA,ID-12,SUMATERA,ID-SM,38774.02871
2006,INDONESIA,ID,ACEH,ID-11,SUMATERA,ID-SM,10082.78682
2006,INDONESIA,ID,BALI,ID-51,NUSA TENGGARA,ID-NU,35.73
2006,INDONESIA,ID,BANTEN,ID-36,JAWA,ID-JW,1.015058824
2006,INDONESIA,ID,BENGKULU,ID-17,SUMATERA,ID-SM,1800.094941
2006,INDONESIA,ID,D I YOGYAKARTA,ID-34,JAWA,ID-JW,0
2006,INDONESIA,ID,DKI JAKARTA,ID-31,JAWA,ID-JW,0
2006,INDONESIA,ID,GORONTALO,ID-75,SULAWESI,ID-SL,1645.834588
2006,INDONESIA,ID,JAMBI,ID-15,SUMATERA,ID-SM,45349.54024
2006,INDONESIA,ID,JAWA BARAT,ID-32,JAWA,ID-JW,135.6917647
2006,INDONESIA,ID,JAWA TENGAH,ID-33,JAWA,ID-JW,103.95
2006,INDONESIA,ID,JAWA TIMUR,ID-35,JAWA,ID-JW,556.1915294
2006,INDONESIA,ID,KALIMANTAN BARAT,ID-61,KALIMANTAN,ID-KA,60314.65624
2006,INDONESIA,ID,KALIMANTAN SELATAN,ID-63,KALIMANTAN,ID-KA,13229.98835
2006,INDONESIA,ID,KALIMANTAN TENGAH,ID-62,KALIMANTAN,ID-KA,78362.80341
2006,INDONESIA,ID,KALIMANTAN TIMUR,ID-64,KALIMANTAN,ID-KA,28482.80259
2006,INDONESIA,ID,KALIMANTAN UTARA,ID-65,KALIMANTAN,ID-KA,17315.42188
2006,INDONESIA,ID,KEP. BANGKA BELITUNG,ID-19,SUMATERA,ID-SM,4081.638706
2006,INDONESIA,ID,KEP. RIAU,ID-21,SUMATERA,ID-SM,1659.292941
2006,INDONESIA,ID,LAMPUNG,ID-18,SUMATERA,ID-SM,648.2647059
2006,INDONESIA,ID,MALUKU,ID-81,MALUKU,ID-ML,4777.238824
2006,INDONESIA,ID,MALUKU UTARA,ID-82,MALUKU,ID-ML,7216.86
2006,INDONESIA,ID,NUSA TENGGARA BARAT,ID-52,NUSA TENGGARA,ID-NU,328.23
2006,INDONESIA,ID,NUSA TENGGARA TIMUR,ID-53,NUSA TENGGARA,ID-NU,410.0382353
2006,INDONESIA,ID,PAPUA,ID-94,PAPUA,ID-PP,16211.81012
2006,INDONESIA,ID,PAPUA BARAT,ID-91,PAPUA,ID-PP,10525.16965
2006,INDONESIA,ID,RIAU,ID-14,SUMATERA,ID-SM,133681.1118
2006,INDONESIA,ID,SULAWESI BARAT,ID-76,SULAWESI,ID-SL,2465.381647
2006,INDONESIA,ID,SULAWESI SELATAN,ID-73,SULAWESI,ID-SL,4588.059529
2006,INDONESIA,ID,SULAWESI TENGAH,ID-72,SULAWESI,ID-SL,16405.44635
2006,INDONESIA,ID,SULAWESI TENGGARA,ID-74,SULAWESI,ID-SL,16931.136
2006,INDONESIA,ID,SULAWESI UTARA,ID-71,SULAWESI,ID-SL,2005.073647
2006,INDONESIA,ID,SUMATERA BARAT,ID-13,SUMATERA,ID-SM,22793.77976
2006,INDONESIA,ID,SUMATERA SELATAN,ID-16,SUMATERA,ID-SM,5951.024471
2006,INDONESIA,ID,SUMATERA UTARA,ID-12,SUMATERA,ID-SM,26128.77494
2007,INDONESIA,ID,ACEH,ID-11,SUMATERA,ID-SM,7921.686706
2007,INDONESIA,ID,BALI,ID-51,NUSA TENGGARA,ID-NU,16.56
2007,INDONESIA,ID,BANTEN,ID-36,JAWA,ID-JW,11.32623529
2007,INDONESIA,ID,BENGKULU,ID-17,SUMATERA,ID-SM,2078.859176
2007,INDONESIA,ID,D I YOGYAKARTA,ID-34,JAWA,ID-JW,0
2007,INDONESIA,ID,DKI JAKARTA,ID-31,JAWA,ID-JW,0
2007,INDONESIA,ID,GORONTALO,ID-75,SULAWESI,ID-SL,1314.348
2007,INDONESIA,ID,JAMBI,ID-15,SUMATERA,ID-SM,58324.13788
2007,INDONESIA,ID,JAWA BARAT,ID-32,JAWA,ID-JW,207.6282353
2007,INDONESIA,ID,JAWA TENGAH,ID-33,JAWA,ID-JW,114.84
2007,INDONESIA,ID,JAWA TIMUR,ID-35,JAWA,ID-JW,485.5948235
2007,INDONESIA,ID,KALIMANTAN BARAT,ID-61,KALIMANTAN,ID-KA,58476.44929
2007,INDONESIA,ID,KALIMANTAN SELATAN,ID-63,KALIMANTAN,ID-KA,9740.562353
2007,INDONESIA,ID,KALIMANTAN TENGAH,ID-62,KALIMANTAN,ID-KA,185728.1054
2007,INDONESIA,ID,KALIMANTAN TIMUR,ID-64,KALIMANTAN,ID-KA,20190.37482
2007,INDONESIA,ID,KALIMANTAN UTARA,ID-65,KALIMANTAN,ID-KA,16317.99141
2007,INDONESIA,ID,KEP. BANGKA BELITUNG,ID-19,SUMATERA,ID-SM,3391.344
2007,INDONESIA,ID,KEP. RIAU,ID-21,SUMATERA,ID-SM,899.1984706
2007,INDONESIA,ID,LAMPUNG,ID-18,SUMATERA,ID-SM,422.3781176
2007,INDONESIA,ID,MALUKU,ID-81,MALUKU,ID-ML,1464.110118
2007,INDONESIA,ID,MALUKU UTARA,ID-82,MALUKU,ID-ML,2284.747765
2007,INDONESIA,ID,NUSA TENGGARA BARAT,ID-52,NUSA TENGGARA,ID-NU,337.8578824
2007,INDONESIA,ID,NUSA TENGGARA TIMUR,ID-53,NUSA TENGGARA,ID-NU,270.1771765
2007,INDONESIA,ID,PAPUA,ID-94,PAPUA,ID-PP,17493.15388
2007,INDONESIA,ID,PAPUA BARAT,ID-91,PAPUA,ID-PP,7103.409176
2007,INDONESIA,ID,RIAU,ID-14,SUMATERA,ID-SM,118362.3296
2007,INDONESIA,ID,SULAWESI BARAT,ID-76,SULAWESI,ID-SL,848.0537647
2007,INDONESIA,ID,SULAWESI SELATAN,ID-73,SULAWESI,ID-SL,2246.404235
2007,INDONESIA,ID,SULAWESI TENGAH,ID-72,SULAWESI,ID-SL,10778.72224
2007,INDONESIA,ID,SULAWESI TENGGARA,ID-74,SULAWESI,ID-SL,4252.511294
2007,INDONESIA,ID,SULAWESI UTARA,ID-71,SULAWESI,ID-SL,1720.864588
2007,INDONESIA,ID,SUMATERA BARAT,ID-13,SUMATERA,ID-SM,20016.15706
2007,INDONESIA,ID,SUMATERA SELATAN,ID-16,SUMATERA,ID-SM,2835.871059
2007,INDONESIA,ID,SUMATERA UTARA,ID-12,SUMATERA,ID-SM,16473.06035
2008,INDONESIA,ID,ACEH,ID-11,SUMATERA,ID-SM,21045.60494
2008,INDONESIA,ID,BALI,ID-51,NUSA TENGGARA,ID-NU,1.53
2008,INDONESIA,ID,BANTEN,ID-36,JAWA,ID-JW,3.06
2008,INDONESIA,ID,BENGKULU,ID-17,SUMATERA,ID-SM,2253.594353
2008,INDONESIA,ID,D I YOGYAKARTA,ID-34,JAWA,ID-JW,0
2008,INDONESIA,ID,DKI JAKARTA,ID-31,JAWA,ID-JW,0
2008,INDONESIA,ID,GORONTALO,ID-75,SULAWESI,ID-SL,379.6902353
2008,INDONESIA,ID,JAMBI,ID-15,SUMATERA,ID-SM,52164.15635
2008,INDONESIA,ID,JAWA BARAT,ID-32,JAWA,ID-JW,243.8032941
2008,INDONESIA,ID,JAWA TENGAH,ID-33,JAWA,ID-JW,30.95964706
2008,INDONESIA,ID,JAWA TIMUR,ID-35,JAWA,ID-JW,263.8718824
2008,INDONESIA,ID,KALIMANTAN BARAT,ID-61,KALIMANTAN,ID-KA,86424.10235
2008,INDONESIA,ID,KALIMANTAN SELATAN,ID-63,KALIMANTAN,ID-KA,5153.283882
2008,INDONESIA,ID,KALIMANTAN TENGAH,ID-62,KALIMANTAN,ID-KA,91991.93188
2008,INDONESIA,ID,KALIMANTAN TIMUR,ID-64,KALIMANTAN,ID-KA,16209.88588
2008,INDONESIA,ID,KALIMANTAN UTARA,ID-65,KALIMANTAN,ID-KA,24085.49965
2008,INDONESIA,ID,KEP. BANGKA BELITUNG,ID-19,SUMATERA,ID-SM,3034.516941
2008,INDONESIA,ID,KEP. RIAU,ID-21,SUMATERA,ID-SM,1641.921882
2008,INDONESIA,ID,LAMPUNG,ID-18,SUMATERA,ID-SM,625.7668235
2008,INDONESIA,ID,MALUKU,ID-81,MALUKU,ID-ML,684.5827059
2008,INDONESIA,ID,MALUKU UTARA,ID-82,MALUKU,ID-ML,2150.941059
2008,INDONESIA,ID,NUSA TENGGARA BARAT,ID-52,NUSA TENGGARA,ID-NU,249.93
2008,INDONESIA,ID,NUSA TENGGARA TIMUR,ID-53,NUSA TENGGARA,ID-NU,160.2
2008,INDONESIA,ID,PAPUA,ID-94,PAPUA,ID-PP,16127.40035
2008,INDONESIA,ID,PAPUA BARAT,ID-91,PAPUA,ID-PP,8328.672706
2008,INDONESIA,ID,RIAU,ID-14,SUMATERA,ID-SM,100268.5712
2008,INDONESIA,ID,SULAWESI BARAT,ID-76,SULAWESI,ID-SL,2195.136706
2008,INDONESIA,ID,SULAWESI SELATAN,ID-73,SULAWESI,ID-SL,1625.442353
2008,INDONESIA,ID,SULAWESI TENGAH,ID-72,SULAWESI,ID-SL,10796.38165
2008,INDONESIA,ID,SULAWESI TENGGARA,ID-74,SULAWESI,ID-SL,2774.050941
2008,INDONESIA,ID,SULAWESI UTARA,ID-71,SULAWESI,ID-SL,639.444
2008,INDONESIA,ID,SUMATERA BARAT,ID-13,SUMATERA,ID-SM,25262.65694
2008,INDONESIA,ID,SUMATERA SELATAN,ID-16,SUMATERA,ID-SM,7845.162706
2008,INDONESIA,ID,SUMATERA UTARA,ID-12,SUMATERA,ID-SM,29890.49506
2009,INDONESIA,ID,ACEH,ID-11,SUMATERA,ID-SM,31633.63412
2009,INDONESIA,ID,BALI,ID-51,NUSA TENGGARA,ID-NU,13.59
2009,INDONESIA,ID,BANTEN,ID-36,JAWA,ID-JW,16.64894118
2009,INDONESIA,ID,BENGKULU,ID-17,SUMATERA,ID-SM,3052.237412
2009,INDONESIA,ID,D I YOGYAKARTA,ID-34,JAWA,ID-JW,0
2009,INDONESIA,ID,DKI JAKARTA,ID-31,JAWA,ID-JW,0
2009,INDONESIA,ID,GORONTALO,ID-75,SULAWESI,ID-SL,2204.547529
2009,INDONESIA,ID,JAMBI,ID-15,SUMATERA,ID-SM,38362.05529
2009,INDONESIA,ID,JAWA BARAT,ID-32,JAWA,ID-JW,154.5218824
2009,INDONESIA,ID,JAWA TENGAH,ID-33,JAWA,ID-JW,44.18964706
2009,INDONESIA,ID,JAWA TIMUR,ID-35,JAWA,ID-JW,381.4694118
2009,INDONESIA,ID,KALIMANTAN BARAT,ID-61,KALIMANTAN,ID-KA,105538.8964
2009,INDONESIA,ID,KALIMANTAN SELATAN,ID-63,KALIMANTAN,ID-KA,18838.47141
2009,INDONESIA,ID,KALIMANTAN TENGAH,ID-62,KALIMANTAN,ID-KA,80426.98482
2009,INDONESIA,ID,KALIMANTAN TIMUR,ID-64,KALIMANTAN,ID-KA,33178.43118
2009,INDONESIA,ID,KALIMANTAN UTARA,ID-65,KALIMANTAN,ID-KA,35171.09118
2009,INDONESIA,ID,KEP. BANGKA BELITUNG,ID-19,SUMATERA,ID-SM,9208.820824
2009,INDONESIA,ID,KEP. RIAU,ID-21,SUMATERA,ID-SM,1724.884588
2009,INDONESIA,ID,LAMPUNG,ID-18,SUMATERA,ID-SM,601.5204706
2009,INDONESIA,ID,MALUKU,ID-81,MALUKU,ID-ML,4015.799294
2009,INDONESIA,ID,MALUKU UTARA,ID-82,MALUKU,ID-ML,5240.959412
2009,INDONESIA,ID,NUSA TENGGARA BARAT,ID-52,NUSA TENGGARA,ID-NU,246.0592941
2009,INDONESIA,ID,NUSA TENGGARA TIMUR,ID-53,NUSA TENGGARA,ID-NU,226.0701176
2009,INDONESIA,ID,PAPUA,ID-94,PAPUA,ID-PP,16078.58718
2009,INDONESIA,ID,PAPUA BARAT,ID-91,PAPUA,ID-PP,12407.52988
2009,INDONESIA,ID,RIAU,ID-14,SUMATERA,ID-SM,145571.4561
2009,INDONESIA,ID,SULAWESI BARAT,ID-76,SULAWESI,ID-SL,2612.035412
2009,INDONESIA,ID,SULAWESI SELATAN,ID-73,SULAWESI,ID-SL,2685.609176
2009,INDONESIA,ID,SULAWESI TENGAH,ID-72,SULAWESI,ID-SL,26222.39824
2009,INDONESIA,ID,SULAWESI TENGGARA,ID-74,SULAWESI,ID-SL,8366.275765
2009,INDONESIA,ID,SULAWESI UTARA,ID-71,SULAWESI,ID-SL,2152.378235
2009,INDONESIA,ID,SUMATERA BARAT,ID-13,SUMATERA,ID-SM,23247.53365
2009,INDONESIA,ID,SUMATERA SELATAN,ID-16,SUMATERA,ID-SM,7612.815882
2009,INDONESIA,ID,SUMATERA UTARA,ID-12,SUMATERA,ID-SM,47769.73518
2010,INDONESIA,ID,ACEH,ID-11,SUMATERA,ID-SM,14912.10635
2010,INDONESIA,ID,BALI,ID-51,NUSA TENGGARA,ID-NU,3.24
2010,INDONESIA,ID,BANTEN,ID-36,JAWA,ID-JW,6.743647059
2010,INDONESIA,ID,BENGKULU,ID-17,SUMATERA,ID-SM,1651.174941
2010,INDONESIA,ID,D I YOGYAKARTA,ID-34,JAWA,ID-JW,0
2010,INDONESIA,ID,DKI JAKARTA,ID-31,JAWA,ID-JW,0
2010,INDONESIA,ID,GORONTALO,ID-75,SULAWESI,ID-SL,328.3312941
2010,INDONESIA,ID,JAMBI,ID-15,SUMATERA,ID-SM,20177.56341
2010,INDONESIA,ID,JAWA BARAT,ID-32,JAWA,ID-JW,103.0478824
2010,INDONESIA,ID,JAWA TENGAH,ID-33,JAWA,ID-JW,6.57
2010,INDONESIA,ID,JAWA TIMUR,ID-35,JAWA,ID-JW,80.88317647
2010,INDONESIA,ID,KALIMANTAN BARAT,ID-61,KALIMANTAN,ID-KA,62829.14753
2010,INDONESIA,ID,KALIMANTAN SELATAN,ID-63,KALIMANTAN,ID-KA,6233.937882
2010,INDONESIA,ID,KALIMANTAN TENGAH,ID-62,KALIMANTAN,ID-KA,73860.09388
2010,INDONESIA,ID,KALIMANTAN TIMUR,ID-64,KALIMANTAN,ID-KA,23310.80647
2010,INDONESIA,ID,KALIMANTAN UTARA,ID-65,KALIMANTAN,ID-KA,18879.19024
2010,INDONESIA,ID,KEP. BANGKA BELITUNG,ID-19,SUMATERA,ID-SM,2161.517647
2010,INDONESIA,ID,KEP. RIAU,ID-21,SUMATERA,ID-SM,1401.798
2010,INDONESIA,ID,LAMPUNG,ID-18,SUMATERA,ID-SM,379.7558824
2010,INDONESIA,ID,MALUKU,ID-81,MALUKU,ID-ML,1591.735059
2010,INDONESIA,ID,MALUKU UTARA,ID-82,MALUKU,ID-ML,2401.052118
2010,INDONESIA,ID,NUSA TENGGARA BARAT,ID-52,NUSA TENGGARA,ID-NU,107.01
2010,INDONESIA,ID,NUSA TENGGARA TIMUR,ID-53,NUSA TENGGARA,ID-NU,63.26964706
2010,INDONESIA,ID,PAPUA,ID-94,PAPUA,ID-PP,21367.81659
2010,INDONESIA,ID,PAPUA BARAT,ID-91,PAPUA,ID-PP,12082.24906
2010,INDONESIA,ID,RIAU,ID-14,SUMATERA,ID-SM,196341.1144
2010,INDONESIA,ID,SULAWESI BARAT,ID-76,SULAWESI,ID-SL,1410.476471
2010,INDONESIA,ID,SULAWESI SELATAN,ID-73,SULAWESI,ID-SL,1373.291647
2010,INDONESIA,ID,SULAWESI TENGAH,ID-72,SULAWESI,ID-SL,11657.03576
2010,INDONESIA,ID,SULAWESI TENGGARA,ID-74,SULAWESI,ID-SL,2302.496824
2010,INDONESIA,ID,SULAWESI UTARA,ID-71,SULAWESI,ID-SL,577.434
2010,INDONESIA,ID,SUMATERA BARAT,ID-13,SUMATERA,ID-SM,14765.31565
2010,INDONESIA,ID,SUMATERA SELATAN,ID-16,SUMATERA,ID-SM,5065.038353
2010,INDONESIA,ID,SUMATERA UTARA,ID-12,SUMATERA,ID-SM,30213.126
2011,INDONESIA,ID,ACEH,ID-11,SUMATERA,ID-SM,18409.83953
2011,INDONESIA,ID,BALI,ID-51,NUSA TENGGARA,ID-NU,3.33
2011,INDONESIA,ID,BANTEN,ID-36,JAWA,ID-JW,3.06
2011,INDONESIA,ID,BENGKULU,ID-17,SUMATERA,ID-SM,3397.907294
2011,INDONESIA,ID,D I YOGYAKARTA,ID-34,JAWA,ID-JW,0
2011,INDONESIA,ID,DKI JAKARTA,ID-31,JAWA,ID-JW,0
2011,INDONESIA,ID,GORONTALO,ID-75,SULAWESI,ID-SL,598.1318824
2011,INDONESIA,ID,JAMBI,ID-15,SUMATERA,ID-SM,35160.15671
2011,INDONESIA,ID,JAWA BARAT,ID-32,JAWA,ID-JW,54
2011,INDONESIA,ID,JAWA TENGAH,ID-33,JAWA,ID-JW,85.5
2011,INDONESIA,ID,JAWA TIMUR,ID-35,JAWA,ID-JW,202.8578824
2011,INDONESIA,ID,KALIMANTAN BARAT,ID-61,KALIMANTAN,ID-KA,112162.8169
2011,INDONESIA,ID,KALIMANTAN SELATAN,ID-63,KALIMANTAN,ID-KA,11278.30765
2011,INDONESIA,ID,KALIMANTAN TENGAH,ID-62,KALIMANTAN,ID-KA,56547.82553
2011,INDONESIA,ID,KALIMANTAN TIMUR,ID-64,KALIMANTAN,ID-KA,49007.21224
2011,INDONESIA,ID,KALIMANTAN UTARA,ID-65,KALIMANTAN,ID-KA,26705.45012
2011,INDONESIA,ID,KEP. BANGKA BELITUNG,ID-19,SUMATERA,ID-SM,4082.626941
2011,INDONESIA,ID,KEP. RIAU,ID-21,SUMATERA,ID-SM,2550.638824
2011,INDONESIA,ID,LAMPUNG,ID-18,SUMATERA,ID-SM,300.1492941
2011,INDONESIA,ID,MALUKU,ID-81,MALUKU,ID-ML,3187.964471
2011,INDONESIA,ID,MALUKU UTARA,ID-82,MALUKU,ID-ML,2024.399294
2011,INDONESIA,ID,NUSA TENGGARA BARAT,ID-52,NUSA TENGGARA,ID-NU,181.7068235
2011,INDONESIA,ID,NUSA TENGGARA TIMUR,ID-53,NUSA TENGGARA,ID-NU,139.9461176
2011,INDONESIA,ID,PAPUA,ID-94,PAPUA,ID-PP,22463.32871
2011,INDONESIA,ID,PAPUA BARAT,ID-91,PAPUA,ID-PP,11895.77612
2011,INDONESIA,ID,RIAU,ID-14,SUMATERA,ID-SM,153742.5085
2011,INDONESIA,ID,SULAWESI BARAT,ID-76,SULAWESI,ID-SL,2054.781529
2011,INDONESIA,ID,SULAWESI SELATAN,ID-73,SULAWESI,ID-SL,2017.327059
2011,INDONESIA,ID,SULAWESI TENGAH,ID-72,SULAWESI,ID-SL,14653.30976
2011,INDONESIA,ID,SULAWESI TENGGARA,ID-74,SULAWESI,ID-SL,6042.962118
2011,INDONESIA,ID,SULAWESI UTARA,ID-71,SULAWESI,ID-SL,614.688
2011,INDONESIA,ID,SUMATERA BARAT,ID-13,SUMATERA,ID-SM,25611.42176
2011,INDONESIA,ID,SUMATERA SELATAN,ID-16,SUMATERA,ID-SM,5006.442353
2011,INDONESIA,ID,SUMATERA UTARA,ID-12,SUMATERA,ID-SM,37039.656
2012,INDONESIA,ID,ACEH,ID-11,SUMATERA,ID-SM,21580.82224
2012,INDONESIA,ID,BALI,ID-51,NUSA TENGGARA,ID-NU,11.61
2012,INDONESIA,ID,BANTEN,ID-36,JAWA,ID-JW,17.63823529
2012,INDONESIA,ID,BENGKULU,ID-17,SUMATERA,ID-SM,3478.244118
2012,INDONESIA,ID,D I YOGYAKARTA,ID-34,JAWA,ID-JW,0
2012,INDONESIA,ID,DKI JAKARTA,ID-31,JAWA,ID-JW,0
2012,INDONESIA,ID,GORONTALO,ID-75,SULAWESI,ID-SL,1628.189647
2012,INDONESIA,ID,JAMBI,ID-15,SUMATERA,ID-SM,70987.04965
2012,INDONESIA,ID,JAWA BARAT,ID-32,JAWA,ID-JW,117.4482353
2012,INDONESIA,ID,JAWA TENGAH,ID-33,JAWA,ID-JW,66.50894118
2012,INDONESIA,ID,JAWA TIMUR,ID-35,JAWA,ID-JW,1379.688706
2012,INDONESIA,ID,KALIMANTAN BARAT,ID-61,KALIMANTAN,ID-KA,139658.0252
2012,INDONESIA,ID,KALIMANTAN SELATAN,ID-63,KALIMANTAN,ID-KA,13952.69118
2012,INDONESIA,ID,KALIMANTAN TENGAH,ID-62,KALIMANTAN,ID-KA,90337.93306
2012,INDONESIA,ID,KALIMANTAN TIMUR,ID-64,KALIMANTAN,ID-KA,74565.58659
2012,INDONESIA,ID,KALIMANTAN UTARA,ID-65,KALIMANTAN,ID-KA,36813.56082
2012,INDONESIA,ID,KEP. BANGKA BELITUNG,ID-19,SUMATERA,ID-SM,6837.672353
2012,INDONESIA,ID,KEP. RIAU,ID-21,SUMATERA,ID-SM,4013.984118
2012,INDONESIA,ID,LAMPUNG,ID-18,SUMATERA,ID-SM,1140.757412
2012,INDONESIA,ID,MALUKU,ID-81,MALUKU,ID-ML,3153.228353
2012,INDONESIA,ID,MALUKU UTARA,ID-82,MALUKU,ID-ML,2868.395647
2012,INDONESIA,ID,NUSA TENGGARA BARAT,ID-52,NUSA TENGGARA,ID-NU,372.78
2012,INDONESIA,ID,NUSA TENGGARA TIMUR,ID-53,NUSA TENGGARA,ID-NU,168.4768235
2012,INDONESIA,ID,PAPUA,ID-94,PAPUA,ID-PP,34932.82588
2012,INDONESIA,ID,PAPUA BARAT,ID-91,PAPUA,ID-PP,10507.50247
2012,INDONESIA,ID,RIAU,ID-14,SUMATERA,ID-SM,199000.3966
2012,INDONESIA,ID,SULAWESI BARAT,ID-76,SULAWESI,ID-SL,2148.244941
2012,INDONESIA,ID,SULAWESI SELATAN,ID-73,SULAWESI,ID-SL,3196.367294
2012,INDONESIA,ID,SULAWESI TENGAH,ID-72,SULAWESI,ID-SL,24134.31212
2012,INDONESIA,ID,SULAWESI TENGGARA,ID-74,SULAWESI,ID-SL,6168.295059
2012,INDONESIA,ID,SULAWESI UTARA,ID-71,SULAWESI,ID-SL,480.5947059
2012,INDONESIA,ID,SUMATERA BARAT,ID-13,SUMATERA,ID-SM,41338.32882
2012,INDONESIA,ID,SUMATERA SELATAN,ID-16,SUMATERA,ID-SM,16958.45012
2012,INDONESIA,ID,SUMATERA UTARA,ID-12,SUMATERA,ID-SM,31070.79
2013,INDONESIA,ID,ACEH,ID-11,SUMATERA,ID-SM,14617.30341
2013,INDONESIA,ID,BALI,ID-51,NUSA TENGGARA,ID-NU,0.81
2013,INDONESIA,ID,BANTEN,ID-36,JAWA,ID-JW,0.81
2013,INDONESIA,ID,BENGKULU,ID-17,SUMATERA,ID-SM,1732.230353
2013,INDONESIA,ID,D I YOGYAKARTA,ID-34,JAWA,ID-JW,0
2013,INDONESIA,ID,DKI JAKARTA,ID-31,JAWA,ID-JW,0
2013,INDONESIA,ID,GORONTALO,ID-75,SULAWESI,ID-SL,3836.126471
2013,INDONESIA,ID,JAMBI,ID-15,SUMATERA,ID-SM,28880.66541
2013,INDONESIA,ID,JAWA BARAT,ID-32,JAWA,ID-JW,115.9154118
2013,INDONESIA,ID,JAWA TENGAH,ID-33,JAWA,ID-JW,11.88
2013,INDONESIA,ID,JAWA TIMUR,ID-35,JAWA,ID-JW,113.76
2013,INDONESIA,ID,KALIMANTAN BARAT,ID-61,KALIMANTAN,ID-KA,90807.70976
2013,INDONESIA,ID,KALIMANTAN SELATAN,ID-63,KALIMANTAN,ID-KA,7533.393882
2013,INDONESIA,ID,KALIMANTAN TENGAH,ID-62,KALIMANTAN,ID-KA,46394.44341
2013,INDONESIA,ID,KALIMANTAN TIMUR,ID-64,KALIMANTAN,ID-KA,40688.29835
2013,INDONESIA,ID,KALIMANTAN UTARA,ID-65,KALIMANTAN,ID-KA,22215.14718
2013,INDONESIA,ID,KEP. BANGKA BELITUNG,ID-19,SUMATERA,ID-SM,3657.035294
2013,INDONESIA,ID,KEP. RIAU,ID-21,SUMATERA,ID-SM,2249.683765
2013,INDONESIA,ID,LAMPUNG,ID-18,SUMATERA,ID-SM,137.9682353
2013,INDONESIA,ID,MALUKU,ID-81,MALUKU,ID-ML,1590.526941
2013,INDONESIA,ID,MALUKU UTARA,ID-82,MALUKU,ID-ML,2633.833412
2013,INDONESIA,ID,NUSA TENGGARA BARAT,ID-52,NUSA TENGGARA,ID-NU,138.2396471
2013,INDONESIA,ID,NUSA TENGGARA TIMUR,ID-53,NUSA TENGGARA,ID-NU,76.59
2013,INDONESIA,ID,PAPUA,ID-94,PAPUA,ID-PP,44561.05482
2013,INDONESIA,ID,PAPUA BARAT,ID-91,PAPUA,ID-PP,8513.505176
2013,INDONESIA,ID,RIAU,ID-14,SUMATERA,ID-SM,99659.43388
2013,INDONESIA,ID,SULAWESI BARAT,ID-76,SULAWESI,ID-SL,1202.320588
2013,INDONESIA,ID,SULAWESI SELATAN,ID-73,SULAWESI,ID-SL,1634.299412
2013,INDONESIA,ID,SULAWESI TENGAH,ID-72,SULAWESI,ID-SL,17560.38494
2013,INDONESIA,ID,SULAWESI TENGGARA,ID-74,SULAWESI,ID-SL,5042.125412
2013,INDONESIA,ID,SULAWESI UTARA,ID-71,SULAWESI,ID-SL,455.2171765
2013,INDONESIA,ID,SUMATERA BARAT,ID-13,SUMATERA,ID-SM,19137.71859
2013,INDONESIA,ID,SUMATERA SELATAN,ID-16,SUMATERA,ID-SM,5553.372353
2013,INDONESIA,ID,SUMATERA UTARA,ID-12,SUMATERA,ID-SM,17634.26965
2014,INDONESIA,ID,ACEH,ID-11,SUMATERA,ID-SM,20813.66859
2014,INDONESIA,ID,BALI,ID-51,NUSA TENGGARA,ID-NU,14.13
2014,INDONESIA,ID,BANTEN,ID-36,JAWA,ID-JW,6.580941176
2014,INDONESIA,ID,BENGKULU,ID-17,SUMATERA,ID-SM,1640.756118
2014,INDONESIA,ID,D I YOGYAKARTA,ID-34,JAWA,ID-JW,0
2014,INDONESIA,ID,DKI JAKARTA,ID-31,JAWA,ID-JW,0
2014,INDONESIA,ID,GORONTALO,ID-75,SULAWESI,ID-SL,5810.487882
2014,INDONESIA,ID,JAMBI,ID-15,SUMATERA,ID-SM,26825.07106
2014,INDONESIA,ID,JAWA BARAT,ID-32,JAWA,ID-JW,214.7167059
2014,INDONESIA,ID,JAWA TENGAH,ID-33,JAWA,ID-JW,55.62
2014,INDONESIA,ID,JAWA TIMUR,ID-35,JAWA,ID-JW,726.9847059
2014,INDONESIA,ID,KALIMANTAN BARAT,ID-61,KALIMANTAN,ID-KA,115806.6356
2014,INDONESIA,ID,KALIMANTAN SELATAN,ID-63,KALIMANTAN,ID-KA,9345.406941
2014,INDONESIA,ID,KALIMANTAN TENGAH,ID-62,KALIMANTAN,ID-KA,74933.32871
2014,INDONESIA,ID,KALIMANTAN TIMUR,ID-64,KALIMANTAN,ID-KA,58242.52553
2014,INDONESIA,ID,KALIMANTAN UTARA,ID-65,KALIMANTAN,ID-KA,34230.34341
2014,INDONESIA,ID,KEP. BANGKA BELITUNG,ID-19,SUMATERA,ID-SM,6783.478588
2014,INDONESIA,ID,KEP. RIAU,ID-21,SUMATERA,ID-SM,8267.238
2014,INDONESIA,ID,LAMPUNG,ID-18,SUMATERA,ID-SM,606.7923529
2014,INDONESIA,ID,MALUKU,ID-81,MALUKU,ID-ML,3676.256471
2014,INDONESIA,ID,MALUKU UTARA,ID-82,MALUKU,ID-ML,8506.023529
2014,INDONESIA,ID,NUSA TENGGARA BARAT,ID-52,NUSA TENGGARA,ID-NU,620.7232941
2014,INDONESIA,ID,NUSA TENGGARA TIMUR,ID-53,NUSA TENGGARA,ID-NU,116.7282353
2014,INDONESIA,ID,PAPUA,ID-94,PAPUA,ID-PP,47614.01682
2014,INDONESIA,ID,PAPUA BARAT,ID-91,PAPUA,ID-PP,13243.87447
2014,INDONESIA,ID,RIAU,ID-14,SUMATERA,ID-SM,171081.8255
2014,INDONESIA,ID,SULAWESI BARAT,ID-76,SULAWESI,ID-SL,1319.709882
2014,INDONESIA,ID,SULAWESI SELATAN,ID-73,SULAWESI,ID-SL,4047.750353
2014,INDONESIA,ID,SULAWESI TENGAH,ID-72,SULAWESI,ID-SL,23872.42482
2014,INDONESIA,ID,SULAWESI TENGGARA,ID-74,SULAWESI,ID-SL,9440.863412
2014,INDONESIA,ID,SULAWESI UTARA,ID-71,SULAWESI,ID-SL,1885.137176
2014,INDONESIA,ID,SUMATERA BARAT,ID-13,SUMATERA,ID-SM,16678.75235
2014,INDONESIA,ID,SUMATERA SELATAN,ID-16,SUMATERA,ID-SM,6261.849882
2014,INDONESIA,ID,SUMATERA UTARA,ID-12,SUMATERA,ID-SM,25964.95447
2015,INDONESIA,ID,ACEH,ID-11,SUMATERA,ID-SM,12786.62541
2015,INDONESIA,ID,BALI,ID-51,NUSA TENGGARA,ID-NU,9.27
2015,INDONESIA,ID,BANTEN,ID-36,JAWA,ID-JW,1.53
2015,INDONESIA,ID,BENGKULU,ID-17,SUMATERA,ID-SM,2166.410471
2015,INDONESIA,ID,D I YOGYAKARTA,ID-34,JAWA,ID-JW,0
2015,INDONESIA,ID,DKI JAKARTA,ID-31,JAWA,ID-JW,0
2015,INDONESIA,ID,GORONTALO,ID-75,SULAWESI,ID-SL,5362.542706
2015,INDONESIA,ID,JAMBI,ID-15,SUMATERA,ID-SM,24924.16835
2015,INDONESIA,ID,JAWA BARAT,ID-32,JAWA,ID-JW,62.1
2015,INDONESIA,ID,JAWA TENGAH,ID-33,JAWA,ID-JW,25.29
2015,INDONESIA,ID,JAWA TIMUR,ID-35,JAWA,ID-JW,135.3596471
2015,INDONESIA,ID,KALIMANTAN BARAT,ID-61,KALIMANTAN,ID-KA,115795.4908
2015,INDONESIA,ID,KALIMANTAN SELATAN,ID-63,KALIMANTAN,ID-KA,14824.72235
2015,INDONESIA,ID,KALIMANTAN TENGAH,ID-62,KALIMANTAN,ID-KA,96752.87929
2015,INDONESIA,ID,KALIMANTAN TIMUR,ID-64,KALIMANTAN,ID-KA,44124.11118
2015,INDONESIA,ID,KALIMANTAN UTARA,ID-65,KALIMANTAN,ID-KA,27252.69953
2015,INDONESIA,ID,KEP. BANGKA BELITUNG,ID-19,SUMATERA,ID-SM,7055.278588
2015,INDONESIA,ID,KEP. RIAU,ID-21,SUMATERA,ID-SM,1455.545294
2015,INDONESIA,ID,LAMPUNG,ID-18,SUMATERA,ID-SM,765.5392941
2015,INDONESIA,ID,MALUKU,ID-81,MALUKU,ID-ML,25064.35729
2015,INDONESIA,ID,MALUKU UTARA,ID-82,MALUKU,ID-ML,23640.03882
2015,INDONESIA,ID,NUSA TENGGARA BARAT,ID-52,NUSA TENGGARA,ID-NU,672.9261176
2015,INDONESIA,ID,NUSA TENGGARA TIMUR,ID-53,NUSA TENGGARA,ID-NU,118.8
2015,INDONESIA,ID,PAPUA,ID-94,PAPUA,ID-PP,58199.31529
2015,INDONESIA,ID,PAPUA BARAT,ID-91,PAPUA,ID-PP,44533.11635
2015,INDONESIA,ID,RIAU,ID-14,SUMATERA,ID-SM,38254.26918
2015,INDONESIA,ID,SULAWESI BARAT,ID-76,SULAWESI,ID-SL,1559.327647
2015,INDONESIA,ID,SULAWESI SELATAN,ID-73,SULAWESI,ID-SL,8158.796118
2015,INDONESIA,ID,SULAWESI TENGAH,ID-72,SULAWESI,ID-SL,59701.04188
2015,INDONESIA,ID,SULAWESI TENGGARA,ID-74,SULAWESI,ID-SL,13427.14976
2015,INDONESIA,ID,SULAWESI UTARA,ID-71,SULAWESI,ID-SL,7148.851765
2015,INDONESIA,ID,SUMATERA BARAT,ID-13,SUMATERA,ID-SM,13255.34647
2015,INDONESIA,ID,SUMATERA SELATAN,ID-16,SUMATERA,ID-SM,7572.349765
2015,INDONESIA,ID,SUMATERA UTARA,ID-12,SUMATERA,ID-SM,11688.35188
2016,INDONESIA,ID,ACEH,ID-11,SUMATERA,ID-SM,15141.56506
2016,INDONESIA,ID,BALI,ID-51,NUSA TENGGARA,ID-NU,29.7
2016,INDONESIA,ID,BANTEN,ID-36,JAWA,ID-JW,85.58964706
2016,INDONESIA,ID,BENGKULU,ID-17,SUMATERA,ID-SM,1953.788118
2016,INDONESIA,ID,D I YOGYAKARTA,ID-34,JAWA,ID-JW,0
2016,INDONESIA,ID,DKI JAKARTA,ID-31,JAWA,ID-JW,0
2016,INDONESIA,ID,GORONTALO,ID-75,SULAWESI,ID-SL,3628.680353
2016,INDONESIA,ID,JAMBI,ID-15,SUMATERA,ID-SM,110713.386
2016,INDONESIA,ID,JAWA BARAT,ID-32,JAWA,ID-JW,350.8030588
2016,INDONESIA,ID,JAWA TENGAH,ID-33,JAWA,ID-JW,66.05858824
2016,INDONESIA,ID,JAWA TIMUR,ID-35,JAWA,ID-JW,377.8157647
2016,INDONESIA,ID,KALIMANTAN BARAT,ID-61,KALIMANTAN,ID-KA,85720.87024
2016,INDONESIA,ID,KALIMANTAN SELATAN,ID-63,KALIMANTAN,ID-KA,16503.64129
2016,INDONESIA,ID,KALIMANTAN TENGAH,ID-62,KALIMANTAN,ID-KA,300781.7036
2016,INDONESIA,ID,KALIMANTAN TIMUR,ID-64,KALIMANTAN,ID-KA,51674.68165
2016,INDONESIA,ID,KALIMANTAN UTARA,ID-65,KALIMANTAN,ID-KA,18591.66459
2016,INDONESIA,ID,KEP. BANGKA BELITUNG,ID-19,SUMATERA,ID-SM,11608.01329
2016,INDONESIA,ID,KEP. RIAU,ID-21,SUMATERA,ID-SM,3019.634118
2016,INDONESIA,ID,LAMPUNG,ID-18,SUMATERA,ID-SM,1477.869529
2016,INDONESIA,ID,MALUKU,ID-81,MALUKU,ID-ML,13864.25788
2016,INDONESIA,ID,MALUKU UTARA,ID-82,MALUKU,ID-ML,16969.58576
2016,INDONESIA,ID,NUSA TENGGARA BARAT,ID-52,NUSA TENGGARA,ID-NU,665.6389412
2016,INDONESIA,ID,NUSA TENGGARA TIMUR,ID-53,NUSA TENGGARA,ID-NU,106.47
2016,INDONESIA,ID,PAPUA,ID-94,PAPUA,ID-PP,58909.47459
2016,INDONESIA,ID,PAPUA BARAT,ID-91,PAPUA,ID-PP,19627.71988
2016,INDONESIA,ID,RIAU,ID-14,SUMATERA,ID-SM,44548.11388
2016,INDONESIA,ID,SULAWESI BARAT,ID-76,SULAWESI,ID-SL,1218.262588
2016,INDONESIA,ID,SULAWESI SELATAN,ID-73,SULAWESI,ID-SL,10410.75282
2016,INDONESIA,ID,SULAWESI TENGAH,ID-72,SULAWESI,ID-SL,51658.80318
2016,INDONESIA,ID,SULAWESI TENGGARA,ID-74,SULAWESI,ID-SL,16250.48506
2016,INDONESIA,ID,SULAWESI UTARA,ID-71,SULAWESI,ID-SL,4467.124588
2016,INDONESIA,ID,SUMATERA BARAT,ID-13,SUMATERA,ID-SM,17585.59412
2016,INDONESIA,ID,SUMATERA SELATAN,ID-16,SUMATERA,ID-SM,12261.16659
2016,INDONESIA,ID,SUMATERA UTARA,ID-12,SUMATERA,ID-SM,11928.66741
2017,INDONESIA,ID,ACEH,ID-11,SUMATERA,ID-SM,12913.83318
2017,INDONESIA,ID,BALI,ID-51,NUSA TENGGARA,ID-NU,6.12
2017,INDONESIA,ID,BANTEN,ID-36,JAWA,ID-JW,9.069882353
2017,INDONESIA,ID,BENGKULU,ID-17,SUMATERA,ID-SM,2670.681882
2017,INDONESIA,ID,D I YOGYAKARTA,ID-34,JAWA,ID-JW,0
2017,INDONESIA,ID,DKI JAKARTA,ID-31,JAWA,ID-JW,0
2017,INDONESIA,ID,GORONTALO,ID-75,SULAWESI,ID-SL,1560.743647
2017,INDONESIA,ID,JAMBI,ID-15,SUMATERA,ID-SM,17253.75247
2017,INDONESIA,ID,JAWA BARAT,ID-32,JAWA,ID-JW,162.4468235
2017,INDONESIA,ID,JAWA TENGAH,ID-33,JAWA,ID-JW,112.5878824
2017,INDONESIA,ID,JAWA TIMUR,ID-35,JAWA,ID-JW,137.4271765
2017,INDONESIA,ID,KALIMANTAN BARAT,ID-61,KALIMANTAN,ID-KA,42609.40271
2017,INDONESIA,ID,KALIMANTAN SELATAN,ID-63,KALIMANTAN,ID-KA,9969.980118
2017,INDONESIA,ID,KALIMANTAN TENGAH,ID-62,KALIMANTAN,ID-KA,37007.99612
2017,INDONESIA,ID,KALIMANTAN TIMUR,ID-64,KALIMANTAN,ID-KA,33002.61353
2017,INDONESIA,ID,KALIMANTAN UTARA,ID-65,KALIMANTAN,ID-KA,16854.74541
2017,INDONESIA,ID,KEP. BANGKA BELITUNG,ID-19,SUMATERA,ID-SM,2609.888824
2017,INDONESIA,ID,KEP. RIAU,ID-21,SUMATERA,ID-SM,1735.154118
2017,INDONESIA,ID,LAMPUNG,ID-18,SUMATERA,ID-SM,593.5422353
2017,INDONESIA,ID,MALUKU,ID-81,MALUKU,ID-ML,2782.942941
2017,INDONESIA,ID,MALUKU UTARA,ID-82,MALUKU,ID-ML,3924.534353
2017,INDONESIA,ID,NUSA TENGGARA BARAT,ID-52,NUSA TENGGARA,ID-NU,663.2071765
2017,INDONESIA,ID,NUSA TENGGARA TIMUR,ID-53,NUSA TENGGARA,ID-NU,117.72
2017,INDONESIA,ID,PAPUA,ID-94,PAPUA,ID-PP,34872.91376
2017,INDONESIA,ID,PAPUA BARAT,ID-91,PAPUA,ID-PP,11234.67
2017,INDONESIA,ID,RIAU,ID-14,SUMATERA,ID-SM,21468.55659
2017,INDONESIA,ID,SULAWESI BARAT,ID-76,SULAWESI,ID-SL,889.8321176
2017,INDONESIA,ID,SULAWESI SELATAN,ID-73,SULAWESI,ID-SL,4492.363412
2017,INDONESIA,ID,SULAWESI TENGAH,ID-72,SULAWESI,ID-SL,15372.49306
2017,INDONESIA,ID,SULAWESI TENGGARA,ID-74,SULAWESI,ID-SL,8305.934824
2017,INDONESIA,ID,SULAWESI UTARA,ID-71,SULAWESI,ID-SL,2383.318588
2017,INDONESIA,ID,SUMATERA BARAT,ID-13,SUMATERA,ID-SM,23323.13576
2017,INDONESIA,ID,SUMATERA SELATAN,ID-16,SUMATERA,ID-SM,5400.855176
2017,INDONESIA,ID,SUMATERA UTARA,ID-12,SUMATERA,ID-SM,14476.83318
2018,INDONESIA,ID,ACEH,ID-11,SUMATERA,ID-SM,13278.62012
2018,INDONESIA,ID,BALI,ID-51,NUSA TENGGARA,ID-NU,98.91
2018,INDONESIA,ID,BANTEN,ID-36,JAWA,ID-JW,10.26494118
2018,INDONESIA,ID,BENGKULU,ID-17,SUMATERA,ID-SM,1984.633412
2018,INDONESIA,ID,D I YOGYAKARTA,ID-34,JAWA,ID-JW,0
2018,INDONESIA,ID,DKI JAKARTA,ID-31,JAWA,ID-JW,0
2018,INDONESIA,ID,GORONTALO,ID-75,SULAWESI,ID-SL,2260.946118
2018,INDONESIA,ID,JAMBI,ID-15,SUMATERA,ID-SM,12585.71506
2018,INDONESIA,ID,JAWA BARAT,ID-32,JAWA,ID-JW,98.178
2018,INDONESIA,ID,JAWA TENGAH,ID-33,JAWA,ID-JW,22.13823529
2018,INDONESIA,ID,JAWA TIMUR,ID-35,JAWA,ID-JW,130.1389412
2018,INDONESIA,ID,KALIMANTAN BARAT,ID-61,KALIMANTAN,ID-KA,34226.71024
2018,INDONESIA,ID,KALIMANTAN SELATAN,ID-63,KALIMANTAN,ID-KA,7690.969059
2018,INDONESIA,ID,KALIMANTAN TENGAH,ID-62,KALIMANTAN,ID-KA,43140.35188
2018,INDONESIA,ID,KALIMANTAN TIMUR,ID-64,KALIMANTAN,ID-KA,44334.144
2018,INDONESIA,ID,KALIMANTAN UTARA,ID-65,KALIMANTAN,ID-KA,18128.25176
2018,INDONESIA,ID,KEP. BANGKA BELITUNG,ID-19,SUMATERA,ID-SM,2045.599059
2018,INDONESIA,ID,KEP. RIAU,ID-21,SUMATERA,ID-SM,1330.627059
2018,INDONESIA,ID,LAMPUNG,ID-18,SUMATERA,ID-SM,282.4161176
2018,INDONESIA,ID,MALUKU,ID-81,MALUKU,ID-ML,4617.187059
2018,INDONESIA,ID,MALUKU UTARA,ID-82,MALUKU,ID-ML,4454.626235
2018,INDONESIA,ID,NUSA TENGGARA BARAT,ID-52,NUSA TENGGARA,ID-NU,640.0771765
2018,INDONESIA,ID,NUSA TENGGARA TIMUR,ID-53,NUSA TENGGARA,ID-NU,111.69
2018,INDONESIA,ID,PAPUA,ID-94,PAPUA,ID-PP,20583.57671
2018,INDONESIA,ID,PAPUA BARAT,ID-91,PAPUA,ID-PP,14695.96871
2018,INDONESIA,ID,RIAU,ID-14,SUMATERA,ID-SM,17299.314
2018,INDONESIA,ID,SULAWESI BARAT,ID-76,SULAWESI,ID-SL,725.7441176
2018,INDONESIA,ID,SULAWESI SELATAN,ID-73,SULAWESI,ID-SL,2469.973059
2018,INDONESIA,ID,SULAWESI TENGAH,ID-72,SULAWESI,ID-SL,15736.13859
2018,INDONESIA,ID,SULAWESI TENGGARA,ID-74,SULAWESI,ID-SL,5858.394353
2018,INDONESIA,ID,SULAWESI UTARA,ID-71,SULAWESI,ID-SL,1653.715765
2018,INDONESIA,ID,SUMATERA BARAT,ID-13,SUMATERA,ID-SM,16779.50082
2018,INDONESIA,ID,SUMATERA SELATAN,ID-16,SUMATERA,ID-SM,6652.307294
2018,INDONESIA,ID,SUMATERA UTARA,ID-12,SUMATERA,ID-SM,7355.270824
2019,INDONESIA,ID,ACEH,ID-11,SUMATERA,ID-SM,7972.95
2019,INDONESIA,ID,BALI,ID-51,NUSA TENGGARA,ID-NU,62.00964706
2019,INDONESIA,ID,BANTEN,ID-36,JAWA,ID-JW,582.6458824
2019,INDONESIA,ID,BENGKULU,ID-17,SUMATERA,ID-SM,1050.369176
2019,INDONESIA,ID,D I YOGYAKARTA,ID-34,JAWA,ID-JW,0
2019,INDONESIA,ID,DKI JAKARTA,ID-31,JAWA,ID-JW,0
2019,INDONESIA,ID,GORONTALO,ID-75,SULAWESI,ID-SL,1806.924706
2019,INDONESIA,ID,JAMBI,ID-15,SUMATERA,ID-SM,35864.01671
2019,INDONESIA,ID,JAWA BARAT,ID-32,JAWA,ID-JW,66.05752941
2019,INDONESIA,ID,JAWA TENGAH,ID-33,JAWA,ID-JW,34.74
2019,INDONESIA,ID,JAWA TIMUR,ID-35,JAWA,ID-JW,276.5664706
2019,INDONESIA,ID,KALIMANTAN BARAT,ID-61,KALIMANTAN,ID-KA,46982.18612
2019,INDONESIA,ID,KALIMANTAN SELATAN,ID-63,KALIMANTAN,ID-KA,6973.847294
2019,INDONESIA,ID,KALIMANTAN TENGAH,ID-62,KALIMANTAN,ID-KA,60188.89235
2019,INDONESIA,ID,KALIMANTAN TIMUR,ID-64,KALIMANTAN,ID-KA,34391.78541
2019,INDONESIA,ID,KALIMANTAN UTARA,ID-65,KALIMANTAN,ID-KA,15394.05953
2019,INDONESIA,ID,KEP. BANGKA BELITUNG,ID-19,SUMATERA,ID-SM,1862.085529
2019,INDONESIA,ID,KEP. RIAU,ID-21,SUMATERA,ID-SM,1733.200235
2019,INDONESIA,ID,LAMPUNG,ID-18,SUMATERA,ID-SM,534.2361176
2019,INDONESIA,ID,MALUKU,ID-81,MALUKU,ID-ML,6061.652471
2019,INDONESIA,ID,MALUKU UTARA,ID-82,MALUKU,ID-ML,5167.184824
2019,INDONESIA,ID,NUSA TENGGARA BARAT,ID-52,NUSA TENGGARA,ID-NU,1510.377529
2019,INDONESIA,ID,NUSA TENGGARA TIMUR,ID-53,NUSA TENGGARA,ID-NU,379.7929412
2019,INDONESIA,ID,PAPUA,ID-94,PAPUA,ID-PP,22750.67788
2019,INDONESIA,ID,PAPUA BARAT,ID-91,PAPUA,ID-PP,11412.51988
2019,INDONESIA,ID,RIAU,ID-14,SUMATERA,ID-SM,22687.37435
2019,INDONESIA,ID,SULAWESI BARAT,ID-76,SULAWESI,ID-SL,672.3907059
2019,INDONESIA,ID,SULAWESI SELATAN,ID-73,SULAWESI,ID-SL,2165.413059
2019,INDONESIA,ID,SULAWESI TENGAH,ID-72,SULAWESI,ID-SL,15547.34859
2019,INDONESIA,ID,SULAWESI TENGGARA,ID-74,SULAWESI,ID-SL,9999.551647
2019,INDONESIA,ID,SULAWESI UTARA,ID-71,SULAWESI,ID-SL,1185.375882
2019,INDONESIA,ID,SUMATERA BARAT,ID-13,SUMATERA,ID-SM,10892.41624
2019,INDONESIA,ID,SUMATERA SELATAN,ID-16,SUMATERA,ID-SM,5567.524588
2019,INDONESIA,ID,SUMATERA UTARA,ID-12,SUMATERA,ID-SM,5904.111529
2020,INDONESIA,ID,ACEH,ID-11,SUMATERA,ID-SM,7512.321529
2020,INDONESIA,ID,BALI,ID-51,NUSA TENGGARA,ID-NU,60.93
2020,INDONESIA,ID,BANTEN,ID-36,JAWA,ID-JW,49.47423529
2020,INDONESIA,ID,BENGKULU,ID-17,SUMATERA,ID-SM,982.5825882
2020,INDONESIA,ID,D I YOGYAKARTA,ID-34,JAWA,ID-JW,0
2020,INDONESIA,ID,DKI JAKARTA,ID-31,JAWA,ID-JW,0
2020,INDONESIA,ID,GORONTALO,ID-75,SULAWESI,ID-SL,761.2972941
2020,INDONESIA,ID,JAMBI,ID-15,SUMATERA,ID-SM,13589.97176
2020,INDONESIA,ID,JAWA BARAT,ID-32,JAWA,ID-JW,139.0489412
2020,INDONESIA,ID,JAWA TENGAH,ID-33,JAWA,ID-JW,78.90917647
2020,INDONESIA,ID,JAWA TIMUR,ID-35,JAWA,ID-JW,809.8983529
2020,INDONESIA,ID,KALIMANTAN BARAT,ID-61,KALIMANTAN,ID-KA,34299.31694
2020,INDONESIA,ID,KALIMANTAN SELATAN,ID-63,KALIMANTAN,ID-KA,5948.984824
2020,INDONESIA,ID,KALIMANTAN TENGAH,ID-62,KALIMANTAN,ID-KA,40104.40765
2020,INDONESIA,ID,KALIMANTAN TIMUR,ID-64,KALIMANTAN,ID-KA,18292.00447
2020,INDONESIA,ID,KALIMANTAN UTARA,ID-65,KALIMANTAN,ID-KA,12779.42506
2020,INDONESIA,ID,KEP. BANGKA BELITUNG,ID-19,SUMATERA,ID-SM,2438.786824
2020,INDONESIA,ID,KEP. RIAU,ID-21,SUMATERA,ID-SM,1632.114353
2020,INDONESIA,ID,LAMPUNG,ID-18,SUMATERA,ID-SM,421.7364706
2020,INDONESIA,ID,MALUKU,ID-81,MALUKU,ID-ML,1921.042588
2020,INDONESIA,ID,MALUKU UTARA,ID-82,MALUKU,ID-ML,3407.346706
2020,INDONESIA,ID,NUSA TENGGARA BARAT,ID-52,NUSA TENGGARA,ID-NU,2013.385059
2020,INDONESIA,ID,NUSA TENGGARA TIMUR,ID-53,NUSA TENGGARA,ID-NU,554.4769412
2020,INDONESIA,ID,PAPUA,ID-94,PAPUA,ID-PP,14551.14529
2020,INDONESIA,ID,PAPUA BARAT,ID-91,PAPUA,ID-PP,9669.174706
2020,INDONESIA,ID,RIAU,ID-14,SUMATERA,ID-SM,12235.85682
2020,INDONESIA,ID,SULAWESI BARAT,ID-76,SULAWESI,ID-SL,607.4396471
2020,INDONESIA,ID,SULAWESI SELATAN,ID-73,SULAWESI,ID-SL,2400.157059
2020,INDONESIA,ID,SULAWESI TENGAH,ID-72,SULAWESI,ID-SL,10509.03812
2020,INDONESIA,ID,SULAWESI TENGGARA,ID-74,SULAWESI,ID-SL,6529.914
2020,INDONESIA,ID,SULAWESI UTARA,ID-71,SULAWESI,ID-SL,850.1248235
2020,INDONESIA,ID,SUMATERA BARAT,ID-13,SUMATERA,ID-SM,8371.537059
2020,INDONESIA,ID,SUMATERA SELATAN,ID-16,SUMATERA,ID-SM,4467.823412
2020,INDONESIA,ID,SUMATERA UTARA,ID-12,SUMATERA,ID-SM,5082.157765
2021,INDONESIA,ID,ACEH,ID-11,SUMATERA,ID-SM,7024.905529
2021,INDONESIA,ID,BALI,ID-51,NUSA TENGGARA,ID-NU,35.18964706
2021,INDONESIA,ID,BANTEN,ID-36,JAWA,ID-JW,12.86047059
2021,INDONESIA,ID,BENGKULU,ID-17,SUMATERA,ID-SM,1169.401059
2021,INDONESIA,ID,D I YOGYAKARTA,ID-34,JAWA,ID-JW,0.99
2021,INDONESIA,ID,DKI JAKARTA,ID-31,JAWA,ID-JW,0
2021,INDONESIA,ID,GORONTALO,ID-75,SULAWESI,ID-SL,317.2422353
2021,INDONESIA,ID,JAMBI,ID-15,SUMATERA,ID-SM,9422.172
2021,INDONESIA,ID,JAWA BARAT,ID-32,JAWA,ID-JW,77.03647059
2021,INDONESIA,ID,JAWA TENGAH,ID-33,JAWA,ID-JW,118.1675294
2021,INDONESIA,ID,JAWA TIMUR,ID-35,JAWA,ID-JW,98.55
2021,INDONESIA,ID,KALIMANTAN BARAT,ID-61,KALIMANTAN,ID-KA,24283.44035
2021,INDONESIA,ID,KALIMANTAN SELATAN,ID-63,KALIMANTAN,ID-KA,2832.082941
2021,INDONESIA,ID,KALIMANTAN TENGAH,ID-62,KALIMANTAN,ID-KA,19997.00753
2021,INDONESIA,ID,KALIMANTAN TIMUR,ID-64,KALIMANTAN,ID-KA,15031.68918
2021,INDONESIA,ID,KALIMANTAN UTARA,ID-65,KALIMANTAN,ID-KA,11404.15906
2021,INDONESIA,ID,KEP. BANGKA BELITUNG,ID-19,SUMATERA,ID-SM,2735.613529
2021,INDONESIA,ID,KEP. RIAU,ID-21,SUMATERA,ID-SM,694.0792941
2021,INDONESIA,ID,LAMPUNG,ID-18,SUMATERA,ID-SM,141.1164706
2021,INDONESIA,ID,MALUKU,ID-81,MALUKU,ID-ML,1387.770353
2021,INDONESIA,ID,MALUKU UTARA,ID-82,MALUKU,ID-ML,2693.303294
2021,INDONESIA,ID,NUSA TENGGARA BARAT,ID-52,NUSA TENGGARA,ID-NU,737.094
2021,INDONESIA,ID,NUSA TENGGARA TIMUR,ID-53,NUSA TENGGARA,ID-NU,462.6723529
2021,INDONESIA,ID,PAPUA,ID-94,PAPUA,ID-PP,12316.61682
2021,INDONESIA,ID,PAPUA BARAT,ID-91,PAPUA,ID-PP,8701.867765
2021,INDONESIA,ID,RIAU,ID-14,SUMATERA,ID-SM,13551.35788
2021,INDONESIA,ID,SULAWESI BARAT,ID-76,SULAWESI,ID-SL,1645.250824
2021,INDONESIA,ID,SULAWESI SELATAN,ID-73,SULAWESI,ID-SL,1614.986471
2021,INDONESIA,ID,SULAWESI TENGAH,ID-72,SULAWESI,ID-SL,9729.722824
2021,INDONESIA,ID,SULAWESI TENGGARA,ID-74,SULAWESI,ID-SL,3563.594471
2021,INDONESIA,ID,SULAWESI UTARA,ID-71,SULAWESI,ID-SL,419.4811765
2021,INDONESIA,ID,SUMATERA BARAT,ID-13,SUMATERA,ID-SM,12570.12635
2021,INDONESIA,ID,SUMATERA SELATAN,ID-16,SUMATERA,ID-SM,2672.096824
2021,INDONESIA,ID,SUMATERA UTARA,ID-12,SUMATERA,ID-SM,7208.146588
2022,INDONESIA,ID,ACEH,ID-11,SUMATERA,ID-SM,7783.715647
2022,INDONESIA,ID,BALI,ID-51,NUSA TENGGARA,ID-NU,43.2
2022,INDONESIA,ID,BANTEN,ID-36,JAWA,ID-JW,2.88
2022,INDONESIA,ID,BENGKULU,ID-17,SUMATERA,ID-SM,2431.805647
2022,INDONESIA,ID,D I YOGYAKARTA,ID-34,JAWA,ID-JW,0.09
2022,INDONESIA,ID,DKI JAKARTA,ID-31,JAWA,ID-JW,0
2022,INDONESIA,ID,GORONTALO,ID-75,SULAWESI,ID-SL,509.5567059
2022,INDONESIA,ID,JAMBI,ID-15,SUMATERA,ID-SM,11085.72988
2022,INDONESIA,ID,JAWA BARAT,ID-32,JAWA,ID-JW,110.4292941
2022,INDONESIA,ID,JAWA TENGAH,ID-33,JAWA,ID-JW,48.77823529
2022,INDONESIA,ID,JAWA TIMUR,ID-35,JAWA,ID-JW,109.98
2022,INDONESIA,ID,KALIMANTAN BARAT,ID-61,KALIMANTAN,ID-KA,34052.05518
2022,INDONESIA,ID,KALIMANTAN SELATAN,ID-63,KALIMANTAN,ID-KA,4058.337882
2022,INDONESIA,ID,KALIMANTAN TENGAH,ID-62,KALIMANTAN,ID-KA,29212.70753
2022,INDONESIA,ID,KALIMANTAN TIMUR,ID-64,KALIMANTAN,ID-KA,15245.22776
2022,INDONESIA,ID,KALIMANTAN UTARA,ID-65,KALIMANTAN,ID-KA,11003.90859
2022,INDONESIA,ID,KEP. BANGKA BELITUNG,ID-19,SUMATERA,ID-SM,2327.721176
2022,INDONESIA,ID,KEP. RIAU,ID-21,SUMATERA,ID-SM,730.7054118
2022,INDONESIA,ID,LAMPUNG,ID-18,SUMATERA,ID-SM,403.878
2022,INDONESIA,ID,MALUKU,ID-81,MALUKU,ID-ML,1901.390471
2022,INDONESIA,ID,MALUKU UTARA,ID-82,MALUKU,ID-ML,3073.729059
2022,INDONESIA,ID,NUSA TENGGARA BARAT,ID-52,NUSA TENGGARA,ID-NU,636.5594118
2022,INDONESIA,ID,NUSA TENGGARA TIMUR,ID-53,NUSA TENGGARA,ID-NU,368.0964706
2022,INDONESIA,ID,PAPUA,ID-94,PAPUA,ID-PP,11719.59176
2022,INDONESIA,ID,PAPUA BARAT,ID-91,PAPUA,ID-PP,10322.03541
2022,INDONESIA,ID,RIAU,ID-14,SUMATERA,ID-SM,17455.21835
2022,INDONESIA,ID,SULAWESI BARAT,ID-76,SULAWESI,ID-SL,647.8171765
2022,INDONESIA,ID,SULAWESI SELATAN,ID-73,SULAWESI,ID-SL,2628.431647
2022,INDONESIA,ID,SULAWESI TENGAH,ID-72,SULAWESI,ID-SL,10963.38353
2022,INDONESIA,ID,SULAWESI TENGGARA,ID-74,SULAWESI,ID-SL,2944.921059
2022,INDONESIA,ID,SULAWESI UTARA,ID-71,SULAWESI,ID-SL,367.2854118
2022,INDONESIA,ID,SUMATERA BARAT,ID-13,SUMATERA,ID-SM,16544.15647
2022,INDONESIA,ID,SUMATERA SELATAN,ID-16,SUMATERA,ID-SM,1580.155765
2022,INDONESIA,ID,SUMATERA UTARA,ID-12,SUMATERA,ID-SM,7917.850588
