year,country,country_iso2,region,region_trase_id,parent_region,parent_region_trase_id,gross_greenhouse_gas_emissions_from_deforestation_tonnes_coâ‚‚-
2001,INDONESIA,ID,ACEH,ID-11,SUMATERA,ID-SM,1782573.796
2001,INDONESIA,ID,BALI,ID-51,NUSA TENGGARA,ID-NU,1907.890281
2001,INDONESIA,ID,BANTEN,ID-36,JAWA,ID-JW,465.0026893
2001,INDONESIA,ID,BENGKULU,ID-17,SUMATERA,ID-SM,955814.7533
2001,INDONESIA,ID,D I YOGYAKARTA,ID-34,JAWA,ID-JW,0
2001,INDONESIA,ID,DKI JAKARTA,ID-31,JAWA,ID-JW,0
2001,INDONESIA,ID,GORONTALO,ID-75,SULAWESI,ID-SL,271065.7605
2001,INDONESIA,ID,JAMBI,ID-15,SUMATERA,ID-SM,6636698.751
2001,INDONESIA,ID,JAWA BARAT,ID-32,JAWA,ID-JW,218199.7016
2001,INDONESIA,ID,JAWA TENGAH,ID-33,JAWA,ID-JW,65669.32603
2001,INDONESIA,ID,JAWA TIMUR,ID-35,JAWA,ID-JW,168935.9305
2001,INDONESIA,ID,KALIMANTAN BARAT,ID-61,KALIMANTAN,ID-KA,5662920.573
2001,INDONESIA,ID,KALIMANTAN SELATAN,ID-63,KALIMANTAN,ID-KA,1032839.895
2001,INDONESIA,ID,KALIMANTAN TENGAH,ID-62,KALIMANTAN,ID-KA,6932462.029
2001,INDONESIA,ID,KALIMANTAN TIMUR,ID-64,KALIMANTAN,ID-KA,3394916.647
2001,INDONESIA,ID,KALIMANTAN UTARA,ID-65,KALIMANTAN,ID-KA,3226402.087
2001,INDONESIA,ID,KEP. BANGKA BELITUNG,ID-19,SUMATERA,ID-SM,286528.0213
2001,INDONESIA,ID,KEP. RIAU,ID-21,SUMATERA,ID-SM,99129.5126
2001,INDONESIA,ID,LAMPUNG,ID-18,SUMATERA,ID-SM,414689.1787
2001,INDONESIA,ID,MALUKU,ID-81,MALUKU,ID-ML,268136.3125
2001,INDONESIA,ID,MALUKU UTARA,ID-82,MALUKU,ID-ML,803865.7626
2001,INDONESIA,ID,NUSA TENGGARA BARAT,ID-52,NUSA TENGGARA,ID-NU,229531.9419
2001,INDONESIA,ID,NUSA TENGGARA TIMUR,ID-53,NUSA TENGGARA,ID-NU,21248.47902
2001,INDONESIA,ID,PAPUA,ID-94,PAPUA,ID-PP,3984287.419
2001,INDONESIA,ID,PAPUA BARAT,ID-91,PAPUA,ID-PP,2670497.839
2001,INDONESIA,ID,RIAU,ID-14,SUMATERA,ID-SM,29080850.61
2001,INDONESIA,ID,SULAWESI BARAT,ID-76,SULAWESI,ID-SL,1324081.96
2001,INDONESIA,ID,SULAWESI SELATAN,ID-73,SULAWESI,ID-SL,1174877.088
2001,INDONESIA,ID,SULAWESI TENGAH,ID-72,SULAWESI,ID-SL,3306157.591
2001,INDONESIA,ID,SULAWESI TENGGARA,ID-74,SULAWESI,ID-SL,1273200.601
2001,INDONESIA,ID,SULAWESI UTARA,ID-71,SULAWESI,ID-SL,484960.3154
2001,INDONESIA,ID,SUMATERA BARAT,ID-13,SUMATERA,ID-SM,3953083.641
2001,INDONESIA,ID,SUMATERA SELATAN,ID-16,SUMATERA,ID-SM,904143.2191
2001,INDONESIA,ID,SUMATERA UTARA,ID-12,SUMATERA,ID-SM,3422184.399
2002,INDONESIA,ID,ACEH,ID-11,SUMATERA,ID-SM,1297438.883
2002,INDONESIA,ID,BALI,ID-51,NUSA TENGGARA,ID-NU,4411.315384
2002,INDONESIA,ID,BANTEN,ID-36,JAWA,ID-JW,4447.393274
2002,INDONESIA,ID,BENGKULU,ID-17,SUMATERA,ID-SM,693599.7789
2002,INDONESIA,ID,D I YOGYAKARTA,ID-34,JAWA,ID-JW,0
2002,INDONESIA,ID,DKI JAKARTA,ID-31,JAWA,ID-JW,0
2002,INDONESIA,ID,GORONTALO,ID-75,SULAWESI,ID-SL,1117868.775
2002,INDONESIA,ID,JAMBI,ID-15,SUMATERA,ID-SM,6061379.617
2002,INDONESIA,ID,JAWA BARAT,ID-32,JAWA,ID-JW,81282.43249
2002,INDONESIA,ID,JAWA TENGAH,ID-33,JAWA,ID-JW,39005.99265
2002,INDONESIA,ID,JAWA TIMUR,ID-35,JAWA,ID-JW,172079.364
2002,INDONESIA,ID,KALIMANTAN BARAT,ID-61,KALIMANTAN,ID-KA,7228836.917
2002,INDONESIA,ID,KALIMANTAN SELATAN,ID-63,KALIMANTAN,ID-KA,2219864.712
2002,INDONESIA,ID,KALIMANTAN TENGAH,ID-62,KALIMANTAN,ID-KA,13166383.05
2002,INDONESIA,ID,KALIMANTAN TIMUR,ID-64,KALIMANTAN,ID-KA,4005009.801
2002,INDONESIA,ID,KALIMANTAN UTARA,ID-65,KALIMANTAN,ID-KA,4445668.02
2002,INDONESIA,ID,KEP. BANGKA BELITUNG,ID-19,SUMATERA,ID-SM,311153.327
2002,INDONESIA,ID,KEP. RIAU,ID-21,SUMATERA,ID-SM,447130.7809
2002,INDONESIA,ID,LAMPUNG,ID-18,SUMATERA,ID-SM,469695.3893
2002,INDONESIA,ID,MALUKU,ID-81,MALUKU,ID-ML,2027773.707
2002,INDONESIA,ID,MALUKU UTARA,ID-82,MALUKU,ID-ML,4898926.677
2002,INDONESIA,ID,NUSA TENGGARA BARAT,ID-52,NUSA TENGGARA,ID-NU,208299.8526
2002,INDONESIA,ID,NUSA TENGGARA TIMUR,ID-53,NUSA TENGGARA,ID-NU,94502.67382
2002,INDONESIA,ID,PAPUA,ID-94,PAPUA,ID-PP,7063122.88
2002,INDONESIA,ID,PAPUA BARAT,ID-91,PAPUA,ID-PP,6196920.458
2002,INDONESIA,ID,RIAU,ID-14,SUMATERA,ID-SM,34797583.73
2002,INDONESIA,ID,SULAWESI BARAT,ID-76,SULAWESI,ID-SL,856802.3731
2002,INDONESIA,ID,SULAWESI SELATAN,ID-73,SULAWESI,ID-SL,2055976.419
2002,INDONESIA,ID,SULAWESI TENGAH,ID-72,SULAWESI,ID-SL,7773464.151
2002,INDONESIA,ID,SULAWESI TENGGARA,ID-74,SULAWESI,ID-SL,1773520.155
2002,INDONESIA,ID,SULAWESI UTARA,ID-71,SULAWESI,ID-SL,1467920.506
2002,INDONESIA,ID,SUMATERA BARAT,ID-13,SUMATERA,ID-SM,5549624.631
2002,INDONESIA,ID,SUMATERA SELATAN,ID-16,SUMATERA,ID-SM,904797.3607
2002,INDONESIA,ID,SUMATERA UTARA,ID-12,SUMATERA,ID-SM,3164996.22
2003,INDONESIA,ID,ACEH,ID-11,SUMATERA,ID-SM,2624791.027
2003,INDONESIA,ID,BALI,ID-51,NUSA TENGGARA,ID-NU,8355.5
2003,INDONESIA,ID,BANTEN,ID-36,JAWA,ID-JW,1816.200374
2003,INDONESIA,ID,BENGKULU,ID-17,SUMATERA,ID-SM,1227333.957
2003,INDONESIA,ID,D I YOGYAKARTA,ID-34,JAWA,ID-JW,0
2003,INDONESIA,ID,DKI JAKARTA,ID-31,JAWA,ID-JW,0
2003,INDONESIA,ID,GORONTALO,ID-75,SULAWESI,ID-SL,550029.0652
2003,INDONESIA,ID,JAMBI,ID-15,SUMATERA,ID-SM,4163522.383
2003,INDONESIA,ID,JAWA BARAT,ID-32,JAWA,ID-JW,100496.6435
2003,INDONESIA,ID,JAWA TENGAH,ID-33,JAWA,ID-JW,34821.05421
2003,INDONESIA,ID,JAWA TIMUR,ID-35,JAWA,ID-JW,138617.0438
2003,INDONESIA,ID,KALIMANTAN BARAT,ID-61,KALIMANTAN,ID-KA,5890136.194
2003,INDONESIA,ID,KALIMANTAN SELATAN,ID-63,KALIMANTAN,ID-KA,1426274.993
2003,INDONESIA,ID,KALIMANTAN TENGAH,ID-62,KALIMANTAN,ID-KA,26894784.68
2003,INDONESIA,ID,KALIMANTAN TIMUR,ID-64,KALIMANTAN,ID-KA,2936137.423
2003,INDONESIA,ID,KALIMANTAN UTARA,ID-65,KALIMANTAN,ID-KA,4227570.203
2003,INDONESIA,ID,KEP. BANGKA BELITUNG,ID-19,SUMATERA,ID-SM,225202.9828
2003,INDONESIA,ID,KEP. RIAU,ID-21,SUMATERA,ID-SM,189345.238
2003,INDONESIA,ID,LAMPUNG,ID-18,SUMATERA,ID-SM,245091.9715
2003,INDONESIA,ID,MALUKU,ID-81,MALUKU,ID-ML,607771.362
2003,INDONESIA,ID,MALUKU UTARA,ID-82,MALUKU,ID-ML,3107481.079
2003,INDONESIA,ID,NUSA TENGGARA BARAT,ID-52,NUSA TENGGARA,ID-NU,122402.1847
2003,INDONESIA,ID,NUSA TENGGARA TIMUR,ID-53,NUSA TENGGARA,ID-NU,134259.0824
2003,INDONESIA,ID,PAPUA,ID-94,PAPUA,ID-PP,5216346.99
2003,INDONESIA,ID,PAPUA BARAT,ID-91,PAPUA,ID-PP,4723024.477
2003,INDONESIA,ID,RIAU,ID-14,SUMATERA,ID-SM,14915450.94
2003,INDONESIA,ID,SULAWESI BARAT,ID-76,SULAWESI,ID-SL,788569.8325
2003,INDONESIA,ID,SULAWESI SELATAN,ID-73,SULAWESI,ID-SL,1179571.478
2003,INDONESIA,ID,SULAWESI TENGAH,ID-72,SULAWESI,ID-SL,5664145.175
2003,INDONESIA,ID,SULAWESI TENGGARA,ID-74,SULAWESI,ID-SL,2908627.244
2003,INDONESIA,ID,SULAWESI UTARA,ID-71,SULAWESI,ID-SL,852701.9958
2003,INDONESIA,ID,SUMATERA BARAT,ID-13,SUMATERA,ID-SM,3070937.487
2003,INDONESIA,ID,SUMATERA SELATAN,ID-16,SUMATERA,ID-SM,534219.5002
2003,INDONESIA,ID,SUMATERA UTARA,ID-12,SUMATERA,ID-SM,5081167.601
2004,INDONESIA,ID,ACEH,ID-11,SUMATERA,ID-SM,2239850.395
2004,INDONESIA,ID,BALI,ID-51,NUSA TENGGARA,ID-NU,551.7408945
2004,INDONESIA,ID,BANTEN,ID-36,JAWA,ID-JW,22608.85392
2004,INDONESIA,ID,BENGKULU,ID-17,SUMATERA,ID-SM,2312302.326
2004,INDONESIA,ID,D I YOGYAKARTA,ID-34,JAWA,ID-JW,0
2004,INDONESIA,ID,DKI JAKARTA,ID-31,JAWA,ID-JW,0
2004,INDONESIA,ID,GORONTALO,ID-75,SULAWESI,ID-SL,967833.4145
2004,INDONESIA,ID,JAMBI,ID-15,SUMATERA,ID-SM,17793874.37
2004,INDONESIA,ID,JAWA BARAT,ID-32,JAWA,ID-JW,67907.94786
2004,INDONESIA,ID,JAWA TENGAH,ID-33,JAWA,ID-JW,98080.29528
2004,INDONESIA,ID,JAWA TIMUR,ID-35,JAWA,ID-JW,229289.066
2004,INDONESIA,ID,KALIMANTAN BARAT,ID-61,KALIMANTAN,ID-KA,14279750.45
2004,INDONESIA,ID,KALIMANTAN SELATAN,ID-63,KALIMANTAN,ID-KA,4015988.388
2004,INDONESIA,ID,KALIMANTAN TENGAH,ID-62,KALIMANTAN,ID-KA,22938815.92
2004,INDONESIA,ID,KALIMANTAN TIMUR,ID-64,KALIMANTAN,ID-KA,6356419.739
2004,INDONESIA,ID,KALIMANTAN UTARA,ID-65,KALIMANTAN,ID-KA,9982740.598
2004,INDONESIA,ID,KEP. BANGKA BELITUNG,ID-19,SUMATERA,ID-SM,1359166.066
2004,INDONESIA,ID,KEP. RIAU,ID-21,SUMATERA,ID-SM,301157.2794
2004,INDONESIA,ID,LAMPUNG,ID-18,SUMATERA,ID-SM,507585.5436
2004,INDONESIA,ID,MALUKU,ID-81,MALUKU,ID-ML,1064187.047
2004,INDONESIA,ID,MALUKU UTARA,ID-82,MALUKU,ID-ML,2510432.047
2004,INDONESIA,ID,NUSA TENGGARA BARAT,ID-52,NUSA TENGGARA,ID-NU,202977.7588
2004,INDONESIA,ID,NUSA TENGGARA TIMUR,ID-53,NUSA TENGGARA,ID-NU,70826.95016
2004,INDONESIA,ID,PAPUA,ID-94,PAPUA,ID-PP,6265735.542
2004,INDONESIA,ID,PAPUA BARAT,ID-91,PAPUA,ID-PP,7105189.901
2004,INDONESIA,ID,RIAU,ID-14,SUMATERA,ID-SM,74002861.44
2004,INDONESIA,ID,SULAWESI BARAT,ID-76,SULAWESI,ID-SL,1334496.668
2004,INDONESIA,ID,SULAWESI SELATAN,ID-73,SULAWESI,ID-SL,2680051.405
2004,INDONESIA,ID,SULAWESI TENGAH,ID-72,SULAWESI,ID-SL,10381603.5
2004,INDONESIA,ID,SULAWESI TENGGARA,ID-74,SULAWESI,ID-SL,9257348.51
2004,INDONESIA,ID,SULAWESI UTARA,ID-71,SULAWESI,ID-SL,1678446.378
2004,INDONESIA,ID,SUMATERA BARAT,ID-13,SUMATERA,ID-SM,6142588.108
2004,INDONESIA,ID,SUMATERA SELATAN,ID-16,SUMATERA,ID-SM,1637860.457
2004,INDONESIA,ID,SUMATERA UTARA,ID-12,SUMATERA,ID-SM,11070219.56
2005,INDONESIA,ID,ACEH,ID-11,SUMATERA,ID-SM,3713744.784
2005,INDONESIA,ID,BALI,ID-51,NUSA TENGGARA,ID-NU,4221.651666
2005,INDONESIA,ID,BANTEN,ID-36,JAWA,ID-JW,6797.928971
2005,INDONESIA,ID,BENGKULU,ID-17,SUMATERA,ID-SM,1132676.192
2005,INDONESIA,ID,D I YOGYAKARTA,ID-34,JAWA,ID-JW,0
2005,INDONESIA,ID,DKI JAKARTA,ID-31,JAWA,ID-JW,0
2005,INDONESIA,ID,GORONTALO,ID-75,SULAWESI,ID-SL,695619.2155
2005,INDONESIA,ID,JAMBI,ID-15,SUMATERA,ID-SM,16319396.56
2005,INDONESIA,ID,JAWA BARAT,ID-32,JAWA,ID-JW,29807.91412
2005,INDONESIA,ID,JAWA TENGAH,ID-33,JAWA,ID-JW,27968.99982
2005,INDONESIA,ID,JAWA TIMUR,ID-35,JAWA,ID-JW,83137.36788
2005,INDONESIA,ID,KALIMANTAN BARAT,ID-61,KALIMANTAN,ID-KA,15411776.33
2005,INDONESIA,ID,KALIMANTAN SELATAN,ID-63,KALIMANTAN,ID-KA,2184674.487
2005,INDONESIA,ID,KALIMANTAN TENGAH,ID-62,KALIMANTAN,ID-KA,26254233.59
2005,INDONESIA,ID,KALIMANTAN TIMUR,ID-64,KALIMANTAN,ID-KA,7005814.457
2005,INDONESIA,ID,KALIMANTAN UTARA,ID-65,KALIMANTAN,ID-KA,9022937.519
2005,INDONESIA,ID,KEP. BANGKA BELITUNG,ID-19,SUMATERA,ID-SM,1002032.274
2005,INDONESIA,ID,KEP. RIAU,ID-21,SUMATERA,ID-SM,1013178.99
2005,INDONESIA,ID,LAMPUNG,ID-18,SUMATERA,ID-SM,184862.6483
2005,INDONESIA,ID,MALUKU,ID-81,MALUKU,ID-ML,745121.3419
2005,INDONESIA,ID,MALUKU UTARA,ID-82,MALUKU,ID-ML,1415846.026
2005,INDONESIA,ID,NUSA TENGGARA BARAT,ID-52,NUSA TENGGARA,ID-NU,155361.7527
2005,INDONESIA,ID,NUSA TENGGARA TIMUR,ID-53,NUSA TENGGARA,ID-NU,135100.355
2005,INDONESIA,ID,PAPUA,ID-94,PAPUA,ID-PP,5623150.941
2005,INDONESIA,ID,PAPUA BARAT,ID-91,PAPUA,ID-PP,3758401.855
2005,INDONESIA,ID,RIAU,ID-14,SUMATERA,ID-SM,81068118.61
2005,INDONESIA,ID,SULAWESI BARAT,ID-76,SULAWESI,ID-SL,994917.7871
2005,INDONESIA,ID,SULAWESI SELATAN,ID-73,SULAWESI,ID-SL,1725644.592
2005,INDONESIA,ID,SULAWESI TENGAH,ID-72,SULAWESI,ID-SL,5210254.618
2005,INDONESIA,ID,SULAWESI TENGGARA,ID-74,SULAWESI,ID-SL,3470878.629
2005,INDONESIA,ID,SULAWESI UTARA,ID-71,SULAWESI,ID-SL,850988.3334
2005,INDONESIA,ID,SUMATERA BARAT,ID-13,SUMATERA,ID-SM,7272291.829
2005,INDONESIA,ID,SUMATERA SELATAN,ID-16,SUMATERA,ID-SM,1131587.852
2005,INDONESIA,ID,SUMATERA UTARA,ID-12,SUMATERA,ID-SM,15355009.69
2006,INDONESIA,ID,ACEH,ID-11,SUMATERA,ID-SM,4033822.312
2006,INDONESIA,ID,BALI,ID-51,NUSA TENGGARA,ID-NU,15356.47957
2006,INDONESIA,ID,BANTEN,ID-36,JAWA,ID-JW,442.2937319
2006,INDONESIA,ID,BENGKULU,ID-17,SUMATERA,ID-SM,921328.9049
2006,INDONESIA,ID,D I YOGYAKARTA,ID-34,JAWA,ID-JW,0
2006,INDONESIA,ID,DKI JAKARTA,ID-31,JAWA,ID-JW,0
2006,INDONESIA,ID,GORONTALO,ID-75,SULAWESI,ID-SL,767942.562
2006,INDONESIA,ID,JAMBI,ID-15,SUMATERA,ID-SM,18261397.98
2006,INDONESIA,ID,JAWA BARAT,ID-32,JAWA,ID-JW,62135.00389
2006,INDONESIA,ID,JAWA TENGAH,ID-33,JAWA,ID-JW,44423.2295
2006,INDONESIA,ID,JAWA TIMUR,ID-35,JAWA,ID-JW,239711.3117
2006,INDONESIA,ID,KALIMANTAN BARAT,ID-61,KALIMANTAN,ID-KA,23552780.58
2006,INDONESIA,ID,KALIMANTAN SELATAN,ID-63,KALIMANTAN,ID-KA,5024630.315
2006,INDONESIA,ID,KALIMANTAN TENGAH,ID-62,KALIMANTAN,ID-KA,31143992.99
2006,INDONESIA,ID,KALIMANTAN TIMUR,ID-64,KALIMANTAN,ID-KA,12584679.97
2006,INDONESIA,ID,KALIMANTAN UTARA,ID-65,KALIMANTAN,ID-KA,8033946.346
2006,INDONESIA,ID,KEP. BANGKA BELITUNG,ID-19,SUMATERA,ID-SM,1633159.69
2006,INDONESIA,ID,KEP. RIAU,ID-21,SUMATERA,ID-SM,672884.2507
2006,INDONESIA,ID,LAMPUNG,ID-18,SUMATERA,ID-SM,300976.8001
2006,INDONESIA,ID,MALUKU,ID-81,MALUKU,ID-ML,2371184.939
2006,INDONESIA,ID,MALUKU UTARA,ID-82,MALUKU,ID-ML,3645826.628
2006,INDONESIA,ID,NUSA TENGGARA BARAT,ID-52,NUSA TENGGARA,ID-NU,131036.6119
2006,INDONESIA,ID,NUSA TENGGARA TIMUR,ID-53,NUSA TENGGARA,ID-NU,163346.6738
2006,INDONESIA,ID,PAPUA,ID-94,PAPUA,ID-PP,7446588.326
2006,INDONESIA,ID,PAPUA BARAT,ID-91,PAPUA,ID-PP,5192910.513
2006,INDONESIA,ID,RIAU,ID-14,SUMATERA,ID-SM,50766070.01
2006,INDONESIA,ID,SULAWESI BARAT,ID-76,SULAWESI,ID-SL,1206916.435
2006,INDONESIA,ID,SULAWESI SELATAN,ID-73,SULAWESI,ID-SL,2167983.297
2006,INDONESIA,ID,SULAWESI TENGAH,ID-72,SULAWESI,ID-SL,7968013.983
2006,INDONESIA,ID,SULAWESI TENGGARA,ID-74,SULAWESI,ID-SL,7846167.006
2006,INDONESIA,ID,SULAWESI UTARA,ID-71,SULAWESI,ID-SL,1004846.496
2006,INDONESIA,ID,SUMATERA BARAT,ID-13,SUMATERA,ID-SM,10300051.69
2006,INDONESIA,ID,SUMATERA SELATAN,ID-16,SUMATERA,ID-SM,2372161.035
2006,INDONESIA,ID,SUMATERA UTARA,ID-12,SUMATERA,ID-SM,10252565.1
2007,INDONESIA,ID,ACEH,ID-11,SUMATERA,ID-SM,3311703.584
2007,INDONESIA,ID,BALI,ID-51,NUSA TENGGARA,ID-NU,6883.827395
2007,INDONESIA,ID,BANTEN,ID-36,JAWA,ID-JW,3195.326306
2007,INDONESIA,ID,BENGKULU,ID-17,SUMATERA,ID-SM,1084393.257
2007,INDONESIA,ID,D I YOGYAKARTA,ID-34,JAWA,ID-JW,0
2007,INDONESIA,ID,DKI JAKARTA,ID-31,JAWA,ID-JW,0
2007,INDONESIA,ID,GORONTALO,ID-75,SULAWESI,ID-SL,611835.2311
2007,INDONESIA,ID,JAMBI,ID-15,SUMATERA,ID-SM,22996254.19
2007,INDONESIA,ID,JAWA BARAT,ID-32,JAWA,ID-JW,98244.93917
2007,INDONESIA,ID,JAWA TENGAH,ID-33,JAWA,ID-JW,52571.28388
2007,INDONESIA,ID,JAWA TIMUR,ID-35,JAWA,ID-JW,214791.5359
2007,INDONESIA,ID,KALIMANTAN BARAT,ID-61,KALIMANTAN,ID-KA,21585028.99
2007,INDONESIA,ID,KALIMANTAN SELATAN,ID-63,KALIMANTAN,ID-KA,3417753.821
2007,INDONESIA,ID,KALIMANTAN TENGAH,ID-62,KALIMANTAN,ID-KA,64860818.24
2007,INDONESIA,ID,KALIMANTAN TIMUR,ID-64,KALIMANTAN,ID-KA,9133538.806
2007,INDONESIA,ID,KALIMANTAN UTARA,ID-65,KALIMANTAN,ID-KA,7874396.678
2007,INDONESIA,ID,KEP. BANGKA BELITUNG,ID-19,SUMATERA,ID-SM,1373841.757
2007,INDONESIA,ID,KEP. RIAU,ID-21,SUMATERA,ID-SM,336760.2233
2007,INDONESIA,ID,LAMPUNG,ID-18,SUMATERA,ID-SM,178286.7099
2007,INDONESIA,ID,MALUKU,ID-81,MALUKU,ID-ML,706067.1946
2007,INDONESIA,ID,MALUKU UTARA,ID-82,MALUKU,ID-ML,1128346.567
2007,INDONESIA,ID,NUSA TENGGARA BARAT,ID-52,NUSA TENGGARA,ID-NU,141566.3376
2007,INDONESIA,ID,NUSA TENGGARA TIMUR,ID-53,NUSA TENGGARA,ID-NU,104839.1836
2007,INDONESIA,ID,PAPUA,ID-94,PAPUA,ID-PP,7983982.386
2007,INDONESIA,ID,PAPUA BARAT,ID-91,PAPUA,ID-PP,3654306.491
2007,INDONESIA,ID,RIAU,ID-14,SUMATERA,ID-SM,45365966.73
2007,INDONESIA,ID,SULAWESI BARAT,ID-76,SULAWESI,ID-SL,422721.3931
2007,INDONESIA,ID,SULAWESI SELATAN,ID-73,SULAWESI,ID-SL,1051126.495
2007,INDONESIA,ID,SULAWESI TENGAH,ID-72,SULAWESI,ID-SL,5180059.756
2007,INDONESIA,ID,SULAWESI TENGGARA,ID-74,SULAWESI,ID-SL,1959899.383
2007,INDONESIA,ID,SULAWESI UTARA,ID-71,SULAWESI,ID-SL,866480.8722
2007,INDONESIA,ID,SUMATERA BARAT,ID-13,SUMATERA,ID-SM,8781099.607
2007,INDONESIA,ID,SUMATERA SELATAN,ID-16,SUMATERA,ID-SM,995184.2214
2007,INDONESIA,ID,SUMATERA UTARA,ID-12,SUMATERA,ID-SM,6456066.805
2008,INDONESIA,ID,ACEH,ID-11,SUMATERA,ID-SM,8396574.659
2008,INDONESIA,ID,BALI,ID-51,NUSA TENGGARA,ID-NU,569.8538882
2008,INDONESIA,ID,BANTEN,ID-36,JAWA,ID-JW,1080.1626
2008,INDONESIA,ID,BENGKULU,ID-17,SUMATERA,ID-SM,1141927.558
2008,INDONESIA,ID,D I YOGYAKARTA,ID-34,JAWA,ID-JW,0
2008,INDONESIA,ID,DKI JAKARTA,ID-31,JAWA,ID-JW,0
2008,INDONESIA,ID,GORONTALO,ID-75,SULAWESI,ID-SL,173910.1503
2008,INDONESIA,ID,JAMBI,ID-15,SUMATERA,ID-SM,19962385.78
2008,INDONESIA,ID,JAWA BARAT,ID-32,JAWA,ID-JW,109265.7582
2008,INDONESIA,ID,JAWA TENGAH,ID-33,JAWA,ID-JW,14363.27823
2008,INDONESIA,ID,JAWA TIMUR,ID-35,JAWA,ID-JW,110947.5986
2008,INDONESIA,ID,KALIMANTAN BARAT,ID-61,KALIMANTAN,ID-KA,33747064.01
2008,INDONESIA,ID,KALIMANTAN SELATAN,ID-63,KALIMANTAN,ID-KA,1949225.537
2008,INDONESIA,ID,KALIMANTAN TENGAH,ID-62,KALIMANTAN,ID-KA,38834738.21
2008,INDONESIA,ID,KALIMANTAN TIMUR,ID-64,KALIMANTAN,ID-KA,7485220.659
2008,INDONESIA,ID,KALIMANTAN UTARA,ID-65,KALIMANTAN,ID-KA,11791897.86
2008,INDONESIA,ID,KEP. BANGKA BELITUNG,ID-19,SUMATERA,ID-SM,1051046.227
2008,INDONESIA,ID,KEP. RIAU,ID-21,SUMATERA,ID-SM,630195.4171
2008,INDONESIA,ID,LAMPUNG,ID-18,SUMATERA,ID-SM,293225.0155
2008,INDONESIA,ID,MALUKU,ID-81,MALUKU,ID-ML,324292.4952
2008,INDONESIA,ID,MALUKU UTARA,ID-82,MALUKU,ID-ML,1080207.481
2008,INDONESIA,ID,NUSA TENGGARA BARAT,ID-52,NUSA TENGGARA,ID-NU,95230.42773
2008,INDONESIA,ID,NUSA TENGGARA TIMUR,ID-53,NUSA TENGGARA,ID-NU,63964.54275
2008,INDONESIA,ID,PAPUA,ID-94,PAPUA,ID-PP,7319775.413
2008,INDONESIA,ID,PAPUA BARAT,ID-91,PAPUA,ID-PP,4139229.018
2008,INDONESIA,ID,RIAU,ID-14,SUMATERA,ID-SM,38071295.68
2008,INDONESIA,ID,SULAWESI BARAT,ID-76,SULAWESI,ID-SL,1045326.95
2008,INDONESIA,ID,SULAWESI SELATAN,ID-73,SULAWESI,ID-SL,799504.4447
2008,INDONESIA,ID,SULAWESI TENGAH,ID-72,SULAWESI,ID-SL,5047758.667
2008,INDONESIA,ID,SULAWESI TENGGARA,ID-74,SULAWESI,ID-SL,1252297.893
2008,INDONESIA,ID,SULAWESI UTARA,ID-71,SULAWESI,ID-SL,316768.1218
2008,INDONESIA,ID,SUMATERA BARAT,ID-13,SUMATERA,ID-SM,11397695.04
2008,INDONESIA,ID,SUMATERA SELATAN,ID-16,SUMATERA,ID-SM,3081528.395
2008,INDONESIA,ID,SUMATERA UTARA,ID-12,SUMATERA,ID-SM,12865537.03
2009,INDONESIA,ID,ACEH,ID-11,SUMATERA,ID-SM,12164796.58
2009,INDONESIA,ID,BALI,ID-51,NUSA TENGGARA,ID-NU,5561.255421
2009,INDONESIA,ID,BANTEN,ID-36,JAWA,ID-JW,7090.188211
2009,INDONESIA,ID,BENGKULU,ID-17,SUMATERA,ID-SM,1627987.601
2009,INDONESIA,ID,D I YOGYAKARTA,ID-34,JAWA,ID-JW,0
2009,INDONESIA,ID,DKI JAKARTA,ID-31,JAWA,ID-JW,0
2009,INDONESIA,ID,GORONTALO,ID-75,SULAWESI,ID-SL,1006555.523
2009,INDONESIA,ID,JAMBI,ID-15,SUMATERA,ID-SM,15253038.04
2009,INDONESIA,ID,JAWA BARAT,ID-32,JAWA,ID-JW,68821.84397
2009,INDONESIA,ID,JAWA TENGAH,ID-33,JAWA,ID-JW,17494.04298
2009,INDONESIA,ID,JAWA TIMUR,ID-35,JAWA,ID-JW,170909.5619
2009,INDONESIA,ID,KALIMANTAN BARAT,ID-61,KALIMANTAN,ID-KA,40071276.14
2009,INDONESIA,ID,KALIMANTAN SELATAN,ID-63,KALIMANTAN,ID-KA,7601256.883
2009,INDONESIA,ID,KALIMANTAN TENGAH,ID-62,KALIMANTAN,ID-KA,31681898.17
2009,INDONESIA,ID,KALIMANTAN TIMUR,ID-64,KALIMANTAN,ID-KA,15048378.01
2009,INDONESIA,ID,KALIMANTAN UTARA,ID-65,KALIMANTAN,ID-KA,17236903.63
2009,INDONESIA,ID,KEP. BANGKA BELITUNG,ID-19,SUMATERA,ID-SM,3274755.869
2009,INDONESIA,ID,KEP. RIAU,ID-21,SUMATERA,ID-SM,669254.2395
2009,INDONESIA,ID,LAMPUNG,ID-18,SUMATERA,ID-SM,272096.2839
2009,INDONESIA,ID,MALUKU,ID-81,MALUKU,ID-ML,1982164.749
2009,INDONESIA,ID,MALUKU UTARA,ID-82,MALUKU,ID-ML,2618999.598
2009,INDONESIA,ID,NUSA TENGGARA BARAT,ID-52,NUSA TENGGARA,ID-NU,86737.03163
2009,INDONESIA,ID,NUSA TENGGARA TIMUR,ID-53,NUSA TENGGARA,ID-NU,94008.84908
2009,INDONESIA,ID,PAPUA,ID-94,PAPUA,ID-PP,7312659.749
2009,INDONESIA,ID,PAPUA BARAT,ID-91,PAPUA,ID-PP,6119189.85
2009,INDONESIA,ID,RIAU,ID-14,SUMATERA,ID-SM,56235232.77
2009,INDONESIA,ID,SULAWESI BARAT,ID-76,SULAWESI,ID-SL,1261840.336
2009,INDONESIA,ID,SULAWESI SELATAN,ID-73,SULAWESI,ID-SL,1221427.934
2009,INDONESIA,ID,SULAWESI TENGAH,ID-72,SULAWESI,ID-SL,12197079.07
2009,INDONESIA,ID,SULAWESI TENGGARA,ID-74,SULAWESI,ID-SL,3750514.881
2009,INDONESIA,ID,SULAWESI UTARA,ID-71,SULAWESI,ID-SL,1068525.468
2009,INDONESIA,ID,SUMATERA BARAT,ID-13,SUMATERA,ID-SM,10547095.69
2009,INDONESIA,ID,SUMATERA SELATAN,ID-16,SUMATERA,ID-SM,2874573.153
2009,INDONESIA,ID,SUMATERA UTARA,ID-12,SUMATERA,ID-SM,19896024.49
2010,INDONESIA,ID,ACEH,ID-11,SUMATERA,ID-SM,5929617.746
2010,INDONESIA,ID,BALI,ID-51,NUSA TENGGARA,ID-NU,1475.625329
2010,INDONESIA,ID,BANTEN,ID-36,JAWA,ID-JW,2079.684845
2010,INDONESIA,ID,BENGKULU,ID-17,SUMATERA,ID-SM,830017.1289
2010,INDONESIA,ID,D I YOGYAKARTA,ID-34,JAWA,ID-JW,0
2010,INDONESIA,ID,DKI JAKARTA,ID-31,JAWA,ID-JW,0
2010,INDONESIA,ID,GORONTALO,ID-75,SULAWESI,ID-SL,139784.1312
2010,INDONESIA,ID,JAMBI,ID-15,SUMATERA,ID-SM,8445038.541
2010,INDONESIA,ID,JAWA BARAT,ID-32,JAWA,ID-JW,46708.37844
2010,INDONESIA,ID,JAWA TENGAH,ID-33,JAWA,ID-JW,3067.775334
2010,INDONESIA,ID,JAWA TIMUR,ID-35,JAWA,ID-JW,35067.77087
2010,INDONESIA,ID,KALIMANTAN BARAT,ID-61,KALIMANTAN,ID-KA,23955633.96
2010,INDONESIA,ID,KALIMANTAN SELATAN,ID-63,KALIMANTAN,ID-KA,2287264.241
2010,INDONESIA,ID,KALIMANTAN TENGAH,ID-62,KALIMANTAN,ID-KA,32309859.97
2010,INDONESIA,ID,KALIMANTAN TIMUR,ID-64,KALIMANTAN,ID-KA,11351309.06
2010,INDONESIA,ID,KALIMANTAN UTARA,ID-65,KALIMANTAN,ID-KA,8782470.297
2010,INDONESIA,ID,KEP. BANGKA BELITUNG,ID-19,SUMATERA,ID-SM,766871.0291
2010,INDONESIA,ID,KEP. RIAU,ID-21,SUMATERA,ID-SM,543747.6544
2010,INDONESIA,ID,LAMPUNG,ID-18,SUMATERA,ID-SM,164294.7746
2010,INDONESIA,ID,MALUKU,ID-81,MALUKU,ID-ML,771036.731
2010,INDONESIA,ID,MALUKU UTARA,ID-82,MALUKU,ID-ML,1215580.643
2010,INDONESIA,ID,NUSA TENGGARA BARAT,ID-52,NUSA TENGGARA,ID-NU,43334.70268
2010,INDONESIA,ID,NUSA TENGGARA TIMUR,ID-53,NUSA TENGGARA,ID-NU,25598.32384
2010,INDONESIA,ID,PAPUA,ID-94,PAPUA,ID-PP,9921288.504
2010,INDONESIA,ID,PAPUA BARAT,ID-91,PAPUA,ID-PP,5768304.602
2010,INDONESIA,ID,RIAU,ID-14,SUMATERA,ID-SM,74196768.8
2010,INDONESIA,ID,SULAWESI BARAT,ID-76,SULAWESI,ID-SL,678736.8835
2010,INDONESIA,ID,SULAWESI SELATAN,ID-73,SULAWESI,ID-SL,656834.7799
2010,INDONESIA,ID,SULAWESI TENGAH,ID-72,SULAWESI,ID-SL,5481400.402
2010,INDONESIA,ID,SULAWESI TENGGARA,ID-74,SULAWESI,ID-SL,1066536.804
2010,INDONESIA,ID,SULAWESI UTARA,ID-71,SULAWESI,ID-SL,268662.0853
2010,INDONESIA,ID,SUMATERA BARAT,ID-13,SUMATERA,ID-SM,6870631.358
2010,INDONESIA,ID,SUMATERA SELATAN,ID-16,SUMATERA,ID-SM,1897995.885
2010,INDONESIA,ID,SUMATERA UTARA,ID-12,SUMATERA,ID-SM,12169346.59
2011,INDONESIA,ID,ACEH,ID-11,SUMATERA,ID-SM,7000421.342
2011,INDONESIA,ID,BALI,ID-51,NUSA TENGGARA,ID-NU,1228.572691
2011,INDONESIA,ID,BANTEN,ID-36,JAWA,ID-JW,1025.610966
2011,INDONESIA,ID,BENGKULU,ID-17,SUMATERA,ID-SM,1804074.361
2011,INDONESIA,ID,D I YOGYAKARTA,ID-34,JAWA,ID-JW,0
2011,INDONESIA,ID,DKI JAKARTA,ID-31,JAWA,ID-JW,0
2011,INDONESIA,ID,GORONTALO,ID-75,SULAWESI,ID-SL,287599.0591
2011,INDONESIA,ID,JAMBI,ID-15,SUMATERA,ID-SM,14645239.86
2011,INDONESIA,ID,JAWA BARAT,ID-32,JAWA,ID-JW,24647.73081
2011,INDONESIA,ID,JAWA TENGAH,ID-33,JAWA,ID-JW,38587.71528
2011,INDONESIA,ID,JAWA TIMUR,ID-35,JAWA,ID-JW,87121.97259
2011,INDONESIA,ID,KALIMANTAN BARAT,ID-61,KALIMANTAN,ID-KA,42457568.67
2011,INDONESIA,ID,KALIMANTAN SELATAN,ID-63,KALIMANTAN,ID-KA,4520954.179
2011,INDONESIA,ID,KALIMANTAN TENGAH,ID-62,KALIMANTAN,ID-KA,23006243.93
2011,INDONESIA,ID,KALIMANTAN TIMUR,ID-64,KALIMANTAN,ID-KA,23545782.04
2011,INDONESIA,ID,KALIMANTAN UTARA,ID-65,KALIMANTAN,ID-KA,12607679.53
2011,INDONESIA,ID,KEP. BANGKA BELITUNG,ID-19,SUMATERA,ID-SM,1434235.701
2011,INDONESIA,ID,KEP. RIAU,ID-21,SUMATERA,ID-SM,1036506.555
2011,INDONESIA,ID,LAMPUNG,ID-18,SUMATERA,ID-SM,139913.8691
2011,INDONESIA,ID,MALUKU,ID-81,MALUKU,ID-ML,1650678.595
2011,INDONESIA,ID,MALUKU UTARA,ID-82,MALUKU,ID-ML,1014857.597
2011,INDONESIA,ID,NUSA TENGGARA BARAT,ID-52,NUSA TENGGARA,ID-NU,71686.08679
2011,INDONESIA,ID,NUSA TENGGARA TIMUR,ID-53,NUSA TENGGARA,ID-NU,56560.99809
2011,INDONESIA,ID,PAPUA,ID-94,PAPUA,ID-PP,10969766.5
2011,INDONESIA,ID,PAPUA BARAT,ID-91,PAPUA,ID-PP,6058582.38
2011,INDONESIA,ID,RIAU,ID-14,SUMATERA,ID-SM,59355589.08
2011,INDONESIA,ID,SULAWESI BARAT,ID-76,SULAWESI,ID-SL,982613.3529
2011,INDONESIA,ID,SULAWESI SELATAN,ID-73,SULAWESI,ID-SL,930050.8232
2011,INDONESIA,ID,SULAWESI TENGAH,ID-72,SULAWESI,ID-SL,6994522.246
2011,INDONESIA,ID,SULAWESI TENGGARA,ID-74,SULAWESI,ID-SL,2739965.211
2011,INDONESIA,ID,SULAWESI UTARA,ID-71,SULAWESI,ID-SL,305712.0594
2011,INDONESIA,ID,SUMATERA BARAT,ID-13,SUMATERA,ID-SM,11644065.47
2011,INDONESIA,ID,SUMATERA SELATAN,ID-16,SUMATERA,ID-SM,1729908.353
2011,INDONESIA,ID,SUMATERA UTARA,ID-12,SUMATERA,ID-SM,15942764.6
2012,INDONESIA,ID,ACEH,ID-11,SUMATERA,ID-SM,8254264.604
2012,INDONESIA,ID,BALI,ID-51,NUSA TENGGARA,ID-NU,4755.795223
2012,INDONESIA,ID,BANTEN,ID-36,JAWA,ID-JW,6625.343284
2012,INDONESIA,ID,BENGKULU,ID-17,SUMATERA,ID-SM,1884410.525
2012,INDONESIA,ID,D I YOGYAKARTA,ID-34,JAWA,ID-JW,0
2012,INDONESIA,ID,DKI JAKARTA,ID-31,JAWA,ID-JW,0
2012,INDONESIA,ID,GORONTALO,ID-75,SULAWESI,ID-SL,809328.3157
2012,INDONESIA,ID,JAMBI,ID-15,SUMATERA,ID-SM,27942087.12
2012,INDONESIA,ID,JAWA BARAT,ID-32,JAWA,ID-JW,52856.35705
2012,INDONESIA,ID,JAWA TENGAH,ID-33,JAWA,ID-JW,29289.82657
2012,INDONESIA,ID,JAWA TIMUR,ID-35,JAWA,ID-JW,605407.1483
2012,INDONESIA,ID,KALIMANTAN BARAT,ID-61,KALIMANTAN,ID-KA,54733959.65
2012,INDONESIA,ID,KALIMANTAN SELATAN,ID-63,KALIMANTAN,ID-KA,5371138.813
2012,INDONESIA,ID,KALIMANTAN TENGAH,ID-62,KALIMANTAN,ID-KA,38881808.56
2012,INDONESIA,ID,KALIMANTAN TIMUR,ID-64,KALIMANTAN,ID-KA,36234746.53
2012,INDONESIA,ID,KALIMANTAN UTARA,ID-65,KALIMANTAN,ID-KA,17175160.81
2012,INDONESIA,ID,KEP. BANGKA BELITUNG,ID-19,SUMATERA,ID-SM,2428684.729
2012,INDONESIA,ID,KEP. RIAU,ID-21,SUMATERA,ID-SM,1649814.532
2012,INDONESIA,ID,LAMPUNG,ID-18,SUMATERA,ID-SM,456430.8245
2012,INDONESIA,ID,MALUKU,ID-81,MALUKU,ID-ML,1571768.476
2012,INDONESIA,ID,MALUKU UTARA,ID-82,MALUKU,ID-ML,1450850.847
2012,INDONESIA,ID,NUSA TENGGARA BARAT,ID-52,NUSA TENGGARA,ID-NU,142650.9514
2012,INDONESIA,ID,NUSA TENGGARA TIMUR,ID-53,NUSA TENGGARA,ID-NU,69470.87938
2012,INDONESIA,ID,PAPUA,ID-94,PAPUA,ID-PP,17130588.81
2012,INDONESIA,ID,PAPUA BARAT,ID-91,PAPUA,ID-PP,5360718.231
2012,INDONESIA,ID,RIAU,ID-14,SUMATERA,ID-SM,76490647.02
2012,INDONESIA,ID,SULAWESI BARAT,ID-76,SULAWESI,ID-SL,928650.532
2012,INDONESIA,ID,SULAWESI SELATAN,ID-73,SULAWESI,ID-SL,1531608.107
2012,INDONESIA,ID,SULAWESI TENGAH,ID-72,SULAWESI,ID-SL,12056655.05
2012,INDONESIA,ID,SULAWESI TENGGARA,ID-74,SULAWESI,ID-SL,2909948.046
2012,INDONESIA,ID,SULAWESI UTARA,ID-71,SULAWESI,ID-SL,233653.1249
2012,INDONESIA,ID,SUMATERA BARAT,ID-13,SUMATERA,ID-SM,19425890.49
2012,INDONESIA,ID,SUMATERA SELATAN,ID-16,SUMATERA,ID-SM,5733545.171
2012,INDONESIA,ID,SUMATERA UTARA,ID-12,SUMATERA,ID-SM,13038491.37
2013,INDONESIA,ID,ACEH,ID-11,SUMATERA,ID-SM,5802208.499
2013,INDONESIA,ID,BALI,ID-51,NUSA TENGGARA,ID-NU,359.4470616
2013,INDONESIA,ID,BANTEN,ID-36,JAWA,ID-JW,310.1484028
2013,INDONESIA,ID,BENGKULU,ID-17,SUMATERA,ID-SM,967450.7982
2013,INDONESIA,ID,D I YOGYAKARTA,ID-34,JAWA,ID-JW,0
2013,INDONESIA,ID,DKI JAKARTA,ID-31,JAWA,ID-JW,0
2013,INDONESIA,ID,GORONTALO,ID-75,SULAWESI,ID-SL,1991249.479
2013,INDONESIA,ID,JAMBI,ID-15,SUMATERA,ID-SM,11720474.86
2013,INDONESIA,ID,JAWA BARAT,ID-32,JAWA,ID-JW,50996.25846
2013,INDONESIA,ID,JAWA TENGAH,ID-33,JAWA,ID-JW,5942.868005
2013,INDONESIA,ID,JAWA TIMUR,ID-35,JAWA,ID-JW,45402.21878
2013,INDONESIA,ID,KALIMANTAN BARAT,ID-61,KALIMANTAN,ID-KA,35840024
2013,INDONESIA,ID,KALIMANTAN SELATAN,ID-63,KALIMANTAN,ID-KA,2957811.035
2013,INDONESIA,ID,KALIMANTAN TENGAH,ID-62,KALIMANTAN,ID-KA,19326868.42
2013,INDONESIA,ID,KALIMANTAN TIMUR,ID-64,KALIMANTAN,ID-KA,20028963.17
2013,INDONESIA,ID,KALIMANTAN UTARA,ID-65,KALIMANTAN,ID-KA,10450067.27
2013,INDONESIA,ID,KEP. BANGKA BELITUNG,ID-19,SUMATERA,ID-SM,1323822.404
2013,INDONESIA,ID,KEP. RIAU,ID-21,SUMATERA,ID-SM,920680.3246
2013,INDONESIA,ID,LAMPUNG,ID-18,SUMATERA,ID-SM,61492.10552
2013,INDONESIA,ID,MALUKU,ID-81,MALUKU,ID-ML,829957.8548
2013,INDONESIA,ID,MALUKU UTARA,ID-82,MALUKU,ID-ML,1340994.225
2013,INDONESIA,ID,NUSA TENGGARA BARAT,ID-52,NUSA TENGGARA,ID-NU,48753.2937
2013,INDONESIA,ID,NUSA TENGGARA TIMUR,ID-53,NUSA TENGGARA,ID-NU,28348.14117
2013,INDONESIA,ID,PAPUA,ID-94,PAPUA,ID-PP,20618414.22
2013,INDONESIA,ID,PAPUA BARAT,ID-91,PAPUA,ID-PP,4263621.472
2013,INDONESIA,ID,RIAU,ID-14,SUMATERA,ID-SM,38910532.28
2013,INDONESIA,ID,SULAWESI BARAT,ID-76,SULAWESI,ID-SL,544148.522
2013,INDONESIA,ID,SULAWESI SELATAN,ID-73,SULAWESI,ID-SL,787901.5682
2013,INDONESIA,ID,SULAWESI TENGAH,ID-72,SULAWESI,ID-SL,8837991.147
2013,INDONESIA,ID,SULAWESI TENGGARA,ID-74,SULAWESI,ID-SL,2408632.954
2013,INDONESIA,ID,SULAWESI UTARA,ID-71,SULAWESI,ID-SL,227671.2309
2013,INDONESIA,ID,SUMATERA BARAT,ID-13,SUMATERA,ID-SM,9254487.82
2013,INDONESIA,ID,SUMATERA SELATAN,ID-16,SUMATERA,ID-SM,1892928.882
2013,INDONESIA,ID,SUMATERA UTARA,ID-12,SUMATERA,ID-SM,7982608.295
2014,INDONESIA,ID,ACEH,ID-11,SUMATERA,ID-SM,8404579.731
2014,INDONESIA,ID,BALI,ID-51,NUSA TENGGARA,ID-NU,6578.929737
2014,INDONESIA,ID,BANTEN,ID-36,JAWA,ID-JW,1300.288328
2014,INDONESIA,ID,BENGKULU,ID-17,SUMATERA,ID-SM,894209.733
2014,INDONESIA,ID,D I YOGYAKARTA,ID-34,JAWA,ID-JW,0
2014,INDONESIA,ID,DKI JAKARTA,ID-31,JAWA,ID-JW,0
2014,INDONESIA,ID,GORONTALO,ID-75,SULAWESI,ID-SL,2879610.837
2014,INDONESIA,ID,JAMBI,ID-15,SUMATERA,ID-SM,11054496.95
2014,INDONESIA,ID,JAWA BARAT,ID-32,JAWA,ID-JW,99782.96929
2014,INDONESIA,ID,JAWA TENGAH,ID-33,JAWA,ID-JW,25204.12042
2014,INDONESIA,ID,JAWA TIMUR,ID-35,JAWA,ID-JW,303541.6701
2014,INDONESIA,ID,KALIMANTAN BARAT,ID-61,KALIMANTAN,ID-KA,45525509.48
2014,INDONESIA,ID,KALIMANTAN SELATAN,ID-63,KALIMANTAN,ID-KA,3507708.663
2014,INDONESIA,ID,KALIMANTAN TENGAH,ID-62,KALIMANTAN,ID-KA,30485278.69
2014,INDONESIA,ID,KALIMANTAN TIMUR,ID-64,KALIMANTAN,ID-KA,28254880.64
2014,INDONESIA,ID,KALIMANTAN UTARA,ID-65,KALIMANTAN,ID-KA,16068240.18
2014,INDONESIA,ID,KEP. BANGKA BELITUNG,ID-19,SUMATERA,ID-SM,2425116.415
2014,INDONESIA,ID,KEP. RIAU,ID-21,SUMATERA,ID-SM,3390726.991
2014,INDONESIA,ID,LAMPUNG,ID-18,SUMATERA,ID-SM,308373.6007
2014,INDONESIA,ID,MALUKU,ID-81,MALUKU,ID-ML,1769583.118
2014,INDONESIA,ID,MALUKU UTARA,ID-82,MALUKU,ID-ML,4325732.504
2014,INDONESIA,ID,NUSA TENGGARA BARAT,ID-52,NUSA TENGGARA,ID-NU,217715.6971
2014,INDONESIA,ID,NUSA TENGGARA TIMUR,ID-53,NUSA TENGGARA,ID-NU,44138.93273
2014,INDONESIA,ID,PAPUA,ID-94,PAPUA,ID-PP,23206816.14
2014,INDONESIA,ID,PAPUA BARAT,ID-91,PAPUA,ID-PP,6755505.927
2014,INDONESIA,ID,RIAU,ID-14,SUMATERA,ID-SM,62700344.52
2014,INDONESIA,ID,SULAWESI BARAT,ID-76,SULAWESI,ID-SL,552361.1175
2014,INDONESIA,ID,SULAWESI SELATAN,ID-73,SULAWESI,ID-SL,1821758.141
2014,INDONESIA,ID,SULAWESI TENGAH,ID-72,SULAWESI,ID-SL,11489882.82
2014,INDONESIA,ID,SULAWESI TENGGARA,ID-74,SULAWESI,ID-SL,4491347.362
2014,INDONESIA,ID,SULAWESI UTARA,ID-71,SULAWESI,ID-SL,932309.4058
2014,INDONESIA,ID,SUMATERA BARAT,ID-13,SUMATERA,ID-SM,7979939.53
2014,INDONESIA,ID,SUMATERA SELATAN,ID-16,SUMATERA,ID-SM,2568473.896
2014,INDONESIA,ID,SUMATERA UTARA,ID-12,SUMATERA,ID-SM,11484827.42
2015,INDONESIA,ID,ACEH,ID-11,SUMATERA,ID-SM,5427615.739
2015,INDONESIA,ID,BALI,ID-51,NUSA TENGGARA,ID-NU,3591.480652
2015,INDONESIA,ID,BANTEN,ID-36,JAWA,ID-JW,257.41947
2015,INDONESIA,ID,BENGKULU,ID-17,SUMATERA,ID-SM,1162870.421
2015,INDONESIA,ID,D I YOGYAKARTA,ID-34,JAWA,ID-JW,0
2015,INDONESIA,ID,DKI JAKARTA,ID-31,JAWA,ID-JW,0
2015,INDONESIA,ID,GORONTALO,ID-75,SULAWESI,ID-SL,2660901.624
2015,INDONESIA,ID,JAMBI,ID-15,SUMATERA,ID-SM,10001186.8
2015,INDONESIA,ID,JAWA BARAT,ID-32,JAWA,ID-JW,29286.93901
2015,INDONESIA,ID,JAWA TENGAH,ID-33,JAWA,ID-JW,11289.86695
2015,INDONESIA,ID,JAWA TIMUR,ID-35,JAWA,ID-JW,56107.58748
2015,INDONESIA,ID,KALIMANTAN BARAT,ID-61,KALIMANTAN,ID-KA,43999168.9
2015,INDONESIA,ID,KALIMANTAN SELATAN,ID-63,KALIMANTAN,ID-KA,5712274.217
2015,INDONESIA,ID,KALIMANTAN TENGAH,ID-62,KALIMANTAN,ID-KA,36749590.56
2015,INDONESIA,ID,KALIMANTAN TIMUR,ID-64,KALIMANTAN,ID-KA,21233931.79
2015,INDONESIA,ID,KALIMANTAN UTARA,ID-65,KALIMANTAN,ID-KA,12858124.88
2015,INDONESIA,ID,KEP. BANGKA BELITUNG,ID-19,SUMATERA,ID-SM,2546063.462
2015,INDONESIA,ID,KEP. RIAU,ID-21,SUMATERA,ID-SM,570515.413
2015,INDONESIA,ID,LAMPUNG,ID-18,SUMATERA,ID-SM,359149.1602
2015,INDONESIA,ID,MALUKU,ID-81,MALUKU,ID-ML,12645982.32
2015,INDONESIA,ID,MALUKU UTARA,ID-82,MALUKU,ID-ML,11914490.21
2015,INDONESIA,ID,NUSA TENGGARA BARAT,ID-52,NUSA TENGGARA,ID-NU,247250.6045
2015,INDONESIA,ID,NUSA TENGGARA TIMUR,ID-53,NUSA TENGGARA,ID-NU,49277.6513
2015,INDONESIA,ID,PAPUA,ID-94,PAPUA,ID-PP,27318000.84
2015,INDONESIA,ID,PAPUA BARAT,ID-91,PAPUA,ID-PP,21906504.49
2015,INDONESIA,ID,RIAU,ID-14,SUMATERA,ID-SM,15450845.45
2015,INDONESIA,ID,SULAWESI BARAT,ID-76,SULAWESI,ID-SL,661992.0698
2015,INDONESIA,ID,SULAWESI SELATAN,ID-73,SULAWESI,ID-SL,3750903.893
2015,INDONESIA,ID,SULAWESI TENGAH,ID-72,SULAWESI,ID-SL,29101380.26
2015,INDONESIA,ID,SULAWESI TENGGARA,ID-74,SULAWESI,ID-SL,6451572.92
2015,INDONESIA,ID,SULAWESI UTARA,ID-71,SULAWESI,ID-SL,3616541.588
2015,INDONESIA,ID,SUMATERA BARAT,ID-13,SUMATERA,ID-SM,6515547.727
2015,INDONESIA,ID,SUMATERA SELATAN,ID-16,SUMATERA,ID-SM,2741046.377
2015,INDONESIA,ID,SUMATERA UTARA,ID-12,SUMATERA,ID-SM,5209454.205
2016,INDONESIA,ID,ACEH,ID-11,SUMATERA,ID-SM,6444893.766
2016,INDONESIA,ID,BALI,ID-51,NUSA TENGGARA,ID-NU,12703.65461
2016,INDONESIA,ID,BANTEN,ID-36,JAWA,ID-JW,27122.77123
2016,INDONESIA,ID,BENGKULU,ID-17,SUMATERA,ID-SM,1040482.965
2016,INDONESIA,ID,D I YOGYAKARTA,ID-34,JAWA,ID-JW,0
2016,INDONESIA,ID,DKI JAKARTA,ID-31,JAWA,ID-JW,0
2016,INDONESIA,ID,GORONTALO,ID-75,SULAWESI,ID-SL,1776021.268
2016,INDONESIA,ID,JAMBI,ID-15,SUMATERA,ID-SM,43971351.24
2016,INDONESIA,ID,JAWA BARAT,ID-32,JAWA,ID-JW,172749.3289
2016,INDONESIA,ID,JAWA TENGAH,ID-33,JAWA,ID-JW,30842.57189
2016,INDONESIA,ID,JAWA TIMUR,ID-35,JAWA,ID-JW,168894.9223
2016,INDONESIA,ID,KALIMANTAN BARAT,ID-61,KALIMANTAN,ID-KA,33902159.72
2016,INDONESIA,ID,KALIMANTAN SELATAN,ID-63,KALIMANTAN,ID-KA,7265133.101
2016,INDONESIA,ID,KALIMANTAN TENGAH,ID-62,KALIMANTAN,ID-KA,104763700.7
2016,INDONESIA,ID,KALIMANTAN TIMUR,ID-64,KALIMANTAN,ID-KA,24671941.94
2016,INDONESIA,ID,KALIMANTAN UTARA,ID-65,KALIMANTAN,ID-KA,8465216.09
2016,INDONESIA,ID,KEP. BANGKA BELITUNG,ID-19,SUMATERA,ID-SM,3643153.418
2016,INDONESIA,ID,KEP. RIAU,ID-21,SUMATERA,ID-SM,1055110.566
2016,INDONESIA,ID,LAMPUNG,ID-18,SUMATERA,ID-SM,502783.7988
2016,INDONESIA,ID,MALUKU,ID-81,MALUKU,ID-ML,6901823.081
2016,INDONESIA,ID,MALUKU UTARA,ID-82,MALUKU,ID-ML,8575119.404
2016,INDONESIA,ID,NUSA TENGGARA BARAT,ID-52,NUSA TENGGARA,ID-NU,252914.8393
2016,INDONESIA,ID,NUSA TENGGARA TIMUR,ID-53,NUSA TENGGARA,ID-NU,44050.5087
2016,INDONESIA,ID,PAPUA,ID-94,PAPUA,ID-PP,25660515.87
2016,INDONESIA,ID,PAPUA BARAT,ID-91,PAPUA,ID-PP,9536966.088
2016,INDONESIA,ID,RIAU,ID-14,SUMATERA,ID-SM,17756953.31
2016,INDONESIA,ID,SULAWESI BARAT,ID-76,SULAWESI,ID-SL,542643.7438
2016,INDONESIA,ID,SULAWESI SELATAN,ID-73,SULAWESI,ID-SL,4866777.45
2016,INDONESIA,ID,SULAWESI TENGAH,ID-72,SULAWESI,ID-SL,24299041.55
2016,INDONESIA,ID,SULAWESI TENGGARA,ID-74,SULAWESI,ID-SL,7861292.957
2016,INDONESIA,ID,SULAWESI UTARA,ID-71,SULAWESI,ID-SL,2219732.75
2016,INDONESIA,ID,SUMATERA BARAT,ID-13,SUMATERA,ID-SM,8720497.823
2016,INDONESIA,ID,SUMATERA SELATAN,ID-16,SUMATERA,ID-SM,4492834.448
2016,INDONESIA,ID,SUMATERA UTARA,ID-12,SUMATERA,ID-SM,5390168.668
2017,INDONESIA,ID,ACEH,ID-11,SUMATERA,ID-SM,5526883.381
2017,INDONESIA,ID,BALI,ID-51,NUSA TENGGARA,ID-NU,2479.934756
2017,INDONESIA,ID,BANTEN,ID-36,JAWA,ID-JW,1681.001981
2017,INDONESIA,ID,BENGKULU,ID-17,SUMATERA,ID-SM,1443635.569
2017,INDONESIA,ID,D I YOGYAKARTA,ID-34,JAWA,ID-JW,0
2017,INDONESIA,ID,DKI JAKARTA,ID-31,JAWA,ID-JW,0
2017,INDONESIA,ID,GORONTALO,ID-75,SULAWESI,ID-SL,737377.9186
2017,INDONESIA,ID,JAMBI,ID-15,SUMATERA,ID-SM,7589012.544
2017,INDONESIA,ID,JAWA BARAT,ID-32,JAWA,ID-JW,72706.13424
2017,INDONESIA,ID,JAWA TENGAH,ID-33,JAWA,ID-JW,54479.1495
2017,INDONESIA,ID,JAWA TIMUR,ID-35,JAWA,ID-JW,58661.48615
2017,INDONESIA,ID,KALIMANTAN BARAT,ID-61,KALIMANTAN,ID-KA,18041775.39
2017,INDONESIA,ID,KALIMANTAN SELATAN,ID-63,KALIMANTAN,ID-KA,3883136.281
2017,INDONESIA,ID,KALIMANTAN TENGAH,ID-62,KALIMANTAN,ID-KA,16425088.62
2017,INDONESIA,ID,KALIMANTAN TIMUR,ID-64,KALIMANTAN,ID-KA,15910533.16
2017,INDONESIA,ID,KALIMANTAN UTARA,ID-65,KALIMANTAN,ID-KA,7755482.582
2017,INDONESIA,ID,KEP. BANGKA BELITUNG,ID-19,SUMATERA,ID-SM,937413.343
2017,INDONESIA,ID,KEP. RIAU,ID-21,SUMATERA,ID-SM,626669.4068
2017,INDONESIA,ID,LAMPUNG,ID-18,SUMATERA,ID-SM,261421.7182
2017,INDONESIA,ID,MALUKU,ID-81,MALUKU,ID-ML,1358613.133
2017,INDONESIA,ID,MALUKU UTARA,ID-82,MALUKU,ID-ML,1997696.975
2017,INDONESIA,ID,NUSA TENGGARA BARAT,ID-52,NUSA TENGGARA,ID-NU,254276.695
2017,INDONESIA,ID,NUSA TENGGARA TIMUR,ID-53,NUSA TENGGARA,ID-NU,46036.62025
2017,INDONESIA,ID,PAPUA,ID-94,PAPUA,ID-PP,16331387.66
2017,INDONESIA,ID,PAPUA BARAT,ID-91,PAPUA,ID-PP,5519214.175
2017,INDONESIA,ID,RIAU,ID-14,SUMATERA,ID-SM,8216411.047
2017,INDONESIA,ID,SULAWESI BARAT,ID-76,SULAWESI,ID-SL,408404.5407
2017,INDONESIA,ID,SULAWESI SELATAN,ID-73,SULAWESI,ID-SL,2036570.75
2017,INDONESIA,ID,SULAWESI TENGAH,ID-72,SULAWESI,ID-SL,7410012.331
2017,INDONESIA,ID,SULAWESI TENGGARA,ID-74,SULAWESI,ID-SL,3954583.453
2017,INDONESIA,ID,SULAWESI UTARA,ID-71,SULAWESI,ID-SL,1192472.855
2017,INDONESIA,ID,SUMATERA BARAT,ID-13,SUMATERA,ID-SM,11792267.36
2017,INDONESIA,ID,SUMATERA SELATAN,ID-16,SUMATERA,ID-SM,2313869.467
2017,INDONESIA,ID,SUMATERA UTARA,ID-12,SUMATERA,ID-SM,7194223.055
2018,INDONESIA,ID,ACEH,ID-11,SUMATERA,ID-SM,5787389.827
2018,INDONESIA,ID,BALI,ID-51,NUSA TENGGARA,ID-NU,43161.70183
2018,INDONESIA,ID,BANTEN,ID-36,JAWA,ID-JW,3435.669115
2018,INDONESIA,ID,BENGKULU,ID-17,SUMATERA,ID-SM,1054876.21
2018,INDONESIA,ID,D I YOGYAKARTA,ID-34,JAWA,ID-JW,0
2018,INDONESIA,ID,DKI JAKARTA,ID-31,JAWA,ID-JW,0
2018,INDONESIA,ID,GORONTALO,ID-75,SULAWESI,ID-SL,1134577.454
2018,INDONESIA,ID,JAMBI,ID-15,SUMATERA,ID-SM,5290491.249
2018,INDONESIA,ID,JAWA BARAT,ID-32,JAWA,ID-JW,42314.43882
2018,INDONESIA,ID,JAWA TENGAH,ID-33,JAWA,ID-JW,8143.647662
2018,INDONESIA,ID,JAWA TIMUR,ID-35,JAWA,ID-JW,56238.19198
2018,INDONESIA,ID,KALIMANTAN BARAT,ID-61,KALIMANTAN,ID-KA,14789505.98
2018,INDONESIA,ID,KALIMANTAN SELATAN,ID-63,KALIMANTAN,ID-KA,3020864.879
2018,INDONESIA,ID,KALIMANTAN TENGAH,ID-62,KALIMANTAN,ID-KA,19579331.09
2018,INDONESIA,ID,KALIMANTAN TIMUR,ID-64,KALIMANTAN,ID-KA,22025777.35
2018,INDONESIA,ID,KALIMANTAN UTARA,ID-65,KALIMANTAN,ID-KA,8443201.785
2018,INDONESIA,ID,KEP. BANGKA BELITUNG,ID-19,SUMATERA,ID-SM,667860.3198
2018,INDONESIA,ID,KEP. RIAU,ID-21,SUMATERA,ID-SM,467849.0286
2018,INDONESIA,ID,LAMPUNG,ID-18,SUMATERA,ID-SM,138586.274
2018,INDONESIA,ID,MALUKU,ID-81,MALUKU,ID-ML,2270467.117
2018,INDONESIA,ID,MALUKU UTARA,ID-82,MALUKU,ID-ML,2249495.496
2018,INDONESIA,ID,NUSA TENGGARA BARAT,ID-52,NUSA TENGGARA,ID-NU,243634.4735
2018,INDONESIA,ID,NUSA TENGGARA TIMUR,ID-53,NUSA TENGGARA,ID-NU,43886.32304
2018,INDONESIA,ID,PAPUA,ID-94,PAPUA,ID-PP,10069220.77
2018,INDONESIA,ID,PAPUA BARAT,ID-91,PAPUA,ID-PP,7323191.204
2018,INDONESIA,ID,RIAU,ID-14,SUMATERA,ID-SM,6443606.201
2018,INDONESIA,ID,SULAWESI BARAT,ID-76,SULAWESI,ID-SL,337022.8548
2018,INDONESIA,ID,SULAWESI SELATAN,ID-73,SULAWESI,ID-SL,1106406.46
2018,INDONESIA,ID,SULAWESI TENGAH,ID-72,SULAWESI,ID-SL,7557636.463
2018,INDONESIA,ID,SULAWESI TENGGARA,ID-74,SULAWESI,ID-SL,2714335.207
2018,INDONESIA,ID,SULAWESI UTARA,ID-71,SULAWESI,ID-SL,827675.753
2018,INDONESIA,ID,SUMATERA BARAT,ID-13,SUMATERA,ID-SM,8240993.542
2018,INDONESIA,ID,SUMATERA SELATAN,ID-16,SUMATERA,ID-SM,2683958.131
2018,INDONESIA,ID,SUMATERA UTARA,ID-12,SUMATERA,ID-SM,3319334.695
2019,INDONESIA,ID,ACEH,ID-11,SUMATERA,ID-SM,3562152.599
2019,INDONESIA,ID,BALI,ID-51,NUSA TENGGARA,ID-NU,26116.30584
2019,INDONESIA,ID,BANTEN,ID-36,JAWA,ID-JW,153408.7438
2019,INDONESIA,ID,BENGKULU,ID-17,SUMATERA,ID-SM,566287.6162
2019,INDONESIA,ID,D I YOGYAKARTA,ID-34,JAWA,ID-JW,0
2019,INDONESIA,ID,DKI JAKARTA,ID-31,JAWA,ID-JW,0
2019,INDONESIA,ID,GORONTALO,ID-75,SULAWESI,ID-SL,871757.4556
2019,INDONESIA,ID,JAMBI,ID-15,SUMATERA,ID-SM,14733726.11
2019,INDONESIA,ID,JAWA BARAT,ID-32,JAWA,ID-JW,29449.6766
2019,INDONESIA,ID,JAWA TENGAH,ID-33,JAWA,ID-JW,15118.93011
2019,INDONESIA,ID,JAWA TIMUR,ID-35,JAWA,ID-JW,121293.5902
2019,INDONESIA,ID,KALIMANTAN BARAT,ID-61,KALIMANTAN,ID-KA,18002831.62
2019,INDONESIA,ID,KALIMANTAN SELATAN,ID-63,KALIMANTAN,ID-KA,2621428.091
2019,INDONESIA,ID,KALIMANTAN TENGAH,ID-62,KALIMANTAN,ID-KA,21473280.72
2019,INDONESIA,ID,KALIMANTAN TIMUR,ID-64,KALIMANTAN,ID-KA,17111261.51
2019,INDONESIA,ID,KALIMANTAN UTARA,ID-65,KALIMANTAN,ID-KA,6901429.441
2019,INDONESIA,ID,KEP. BANGKA BELITUNG,ID-19,SUMATERA,ID-SM,624592.0797
2019,INDONESIA,ID,KEP. RIAU,ID-21,SUMATERA,ID-SM,616948.6743
2019,INDONESIA,ID,LAMPUNG,ID-18,SUMATERA,ID-SM,227623.216
2019,INDONESIA,ID,MALUKU,ID-81,MALUKU,ID-ML,3025392.276
2019,INDONESIA,ID,MALUKU UTARA,ID-82,MALUKU,ID-ML,2594118.81
2019,INDONESIA,ID,NUSA TENGGARA BARAT,ID-52,NUSA TENGGARA,ID-NU,618193.084
2019,INDONESIA,ID,NUSA TENGGARA TIMUR,ID-53,NUSA TENGGARA,ID-NU,129743.7509
2019,INDONESIA,ID,PAPUA,ID-94,PAPUA,ID-PP,10057892.52
2019,INDONESIA,ID,PAPUA BARAT,ID-91,PAPUA,ID-PP,5797391.766
2019,INDONESIA,ID,RIAU,ID-14,SUMATERA,ID-SM,8277801.873
2019,INDONESIA,ID,SULAWESI BARAT,ID-76,SULAWESI,ID-SL,302827.9485
2019,INDONESIA,ID,SULAWESI SELATAN,ID-73,SULAWESI,ID-SL,982757.5362
2019,INDONESIA,ID,SULAWESI TENGAH,ID-72,SULAWESI,ID-SL,7418234.102
2019,INDONESIA,ID,SULAWESI TENGGARA,ID-74,SULAWESI,ID-SL,4950276.122
2019,INDONESIA,ID,SULAWESI UTARA,ID-71,SULAWESI,ID-SL,581134.2064
2019,INDONESIA,ID,SUMATERA BARAT,ID-13,SUMATERA,ID-SM,5292509.032
2019,INDONESIA,ID,SUMATERA SELATAN,ID-16,SUMATERA,ID-SM,2024636.853
2019,INDONESIA,ID,SUMATERA UTARA,ID-12,SUMATERA,ID-SM,2637522.854
2020,INDONESIA,ID,ACEH,ID-11,SUMATERA,ID-SM,3266733.032
2020,INDONESIA,ID,BALI,ID-51,NUSA TENGGARA,ID-NU,26007.52513
2020,INDONESIA,ID,BANTEN,ID-36,JAWA,ID-JW,14144.54015
2020,INDONESIA,ID,BENGKULU,ID-17,SUMATERA,ID-SM,519810.5935
2020,INDONESIA,ID,D I YOGYAKARTA,ID-34,JAWA,ID-JW,0
2020,INDONESIA,ID,DKI JAKARTA,ID-31,JAWA,ID-JW,0
2020,INDONESIA,ID,GORONTALO,ID-75,SULAWESI,ID-SL,369924.5605
2020,INDONESIA,ID,JAMBI,ID-15,SUMATERA,ID-SM,5864688.73
2020,INDONESIA,ID,JAWA BARAT,ID-32,JAWA,ID-JW,65500.09462
2020,INDONESIA,ID,JAWA TENGAH,ID-33,JAWA,ID-JW,32566.11163
2020,INDONESIA,ID,JAWA TIMUR,ID-35,JAWA,ID-JW,353165.7899
2020,INDONESIA,ID,KALIMANTAN BARAT,ID-61,KALIMANTAN,ID-KA,14917028.48
2020,INDONESIA,ID,KALIMANTAN SELATAN,ID-63,KALIMANTAN,ID-KA,2232076.734
2020,INDONESIA,ID,KALIMANTAN TENGAH,ID-62,KALIMANTAN,ID-KA,17740906.61
2020,INDONESIA,ID,KALIMANTAN TIMUR,ID-64,KALIMANTAN,ID-KA,8834126.869
2020,INDONESIA,ID,KALIMANTAN UTARA,ID-65,KALIMANTAN,ID-KA,5826097.33
2020,INDONESIA,ID,KEP. BANGKA BELITUNG,ID-19,SUMATERA,ID-SM,799320.2126
2020,INDONESIA,ID,KEP. RIAU,ID-21,SUMATERA,ID-SM,542901.0314
2020,INDONESIA,ID,LAMPUNG,ID-18,SUMATERA,ID-SM,137681.9316
2020,INDONESIA,ID,MALUKU,ID-81,MALUKU,ID-ML,916297.6087
2020,INDONESIA,ID,MALUKU UTARA,ID-82,MALUKU,ID-ML,1700898.883
2020,INDONESIA,ID,NUSA TENGGARA BARAT,ID-52,NUSA TENGGARA,ID-NU,875220.3282
2020,INDONESIA,ID,NUSA TENGGARA TIMUR,ID-53,NUSA TENGGARA,ID-NU,188685.2492
2020,INDONESIA,ID,PAPUA,ID-94,PAPUA,ID-PP,7141611.214
2020,INDONESIA,ID,PAPUA BARAT,ID-91,PAPUA,ID-PP,4730438.494
2020,INDONESIA,ID,RIAU,ID-14,SUMATERA,ID-SM,4506156.327
2020,INDONESIA,ID,SULAWESI BARAT,ID-76,SULAWESI,ID-SL,277580.1543
2020,INDONESIA,ID,SULAWESI SELATAN,ID-73,SULAWESI,ID-SL,1118985.171
2020,INDONESIA,ID,SULAWESI TENGAH,ID-72,SULAWESI,ID-SL,5039357.028
2020,INDONESIA,ID,SULAWESI TENGGARA,ID-74,SULAWESI,ID-SL,3068496.295
2020,INDONESIA,ID,SULAWESI UTARA,ID-71,SULAWESI,ID-SL,420922.6229
2020,INDONESIA,ID,SUMATERA BARAT,ID-13,SUMATERA,ID-SM,4092490.487
2020,INDONESIA,ID,SUMATERA SELATAN,ID-16,SUMATERA,ID-SM,1760493.769
2020,INDONESIA,ID,SUMATERA UTARA,ID-12,SUMATERA,ID-SM,2247281.599
2021,INDONESIA,ID,ACEH,ID-11,SUMATERA,ID-SM,3056592.581
2021,INDONESIA,ID,BALI,ID-51,NUSA TENGGARA,ID-NU,15636.92122
2021,INDONESIA,ID,BANTEN,ID-36,JAWA,ID-JW,3152.96133
2021,INDONESIA,ID,BENGKULU,ID-17,SUMATERA,ID-SM,641932.6371
2021,INDONESIA,ID,D I YOGYAKARTA,ID-34,JAWA,ID-JW,323.1136923
2021,INDONESIA,ID,DKI JAKARTA,ID-31,JAWA,ID-JW,0
2021,INDONESIA,ID,GORONTALO,ID-75,SULAWESI,ID-SL,155887.6073
2021,INDONESIA,ID,JAMBI,ID-15,SUMATERA,ID-SM,3934754.515
2021,INDONESIA,ID,JAWA BARAT,ID-32,JAWA,ID-JW,32949.58197
2021,INDONESIA,ID,JAWA TENGAH,ID-33,JAWA,ID-JW,55484.10351
2021,INDONESIA,ID,JAWA TIMUR,ID-35,JAWA,ID-JW,42140.98231
2021,INDONESIA,ID,KALIMANTAN BARAT,ID-61,KALIMANTAN,ID-KA,10664493.26
2021,INDONESIA,ID,KALIMANTAN SELATAN,ID-63,KALIMANTAN,ID-KA,1214816.798
2021,INDONESIA,ID,KALIMANTAN TENGAH,ID-62,KALIMANTAN,ID-KA,9101976.367
2021,INDONESIA,ID,KALIMANTAN TIMUR,ID-64,KALIMANTAN,ID-KA,7150128.044
2021,INDONESIA,ID,KALIMANTAN UTARA,ID-65,KALIMANTAN,ID-KA,5436850.553
2021,INDONESIA,ID,KEP. BANGKA BELITUNG,ID-19,SUMATERA,ID-SM,909953.6136
2021,INDONESIA,ID,KEP. RIAU,ID-21,SUMATERA,ID-SM,220955.2616
2021,INDONESIA,ID,LAMPUNG,ID-18,SUMATERA,ID-SM,62170.64179
2021,INDONESIA,ID,MALUKU,ID-81,MALUKU,ID-ML,666604.2675
2021,INDONESIA,ID,MALUKU UTARA,ID-82,MALUKU,ID-ML,1355384.861
2021,INDONESIA,ID,NUSA TENGGARA BARAT,ID-52,NUSA TENGGARA,ID-NU,302603.2107
2021,INDONESIA,ID,NUSA TENGGARA TIMUR,ID-53,NUSA TENGGARA,ID-NU,190945.1893
2021,INDONESIA,ID,PAPUA,ID-94,PAPUA,ID-PP,6084827.659
2021,INDONESIA,ID,PAPUA BARAT,ID-91,PAPUA,ID-PP,4587737.421
2021,INDONESIA,ID,RIAU,ID-14,SUMATERA,ID-SM,5130045.334
2021,INDONESIA,ID,SULAWESI BARAT,ID-76,SULAWESI,ID-SL,811957.3165
2021,INDONESIA,ID,SULAWESI SELATAN,ID-73,SULAWESI,ID-SL,773266.1373
2021,INDONESIA,ID,SULAWESI TENGAH,ID-72,SULAWESI,ID-SL,4678292.224
2021,INDONESIA,ID,SULAWESI TENGGARA,ID-74,SULAWESI,ID-SL,1648647.529
2021,INDONESIA,ID,SULAWESI UTARA,ID-71,SULAWESI,ID-SL,201709.6368
2021,INDONESIA,ID,SUMATERA BARAT,ID-13,SUMATERA,ID-SM,6115705.187
2021,INDONESIA,ID,SUMATERA SELATAN,ID-16,SUMATERA,ID-SM,1067276.168
2021,INDONESIA,ID,SUMATERA UTARA,ID-12,SUMATERA,ID-SM,3224772.983
2022,INDONESIA,ID,ACEH,ID-11,SUMATERA,ID-SM,3297145.592
2022,INDONESIA,ID,BALI,ID-51,NUSA TENGGARA,ID-NU,17891.80289
2022,INDONESIA,ID,BANTEN,ID-36,JAWA,ID-JW,910.1903897
2022,INDONESIA,ID,BENGKULU,ID-17,SUMATERA,ID-SM,1299372.964
2022,INDONESIA,ID,D I YOGYAKARTA,ID-34,JAWA,ID-JW,28.90801284
2022,INDONESIA,ID,DKI JAKARTA,ID-31,JAWA,ID-JW,0
2022,INDONESIA,ID,GORONTALO,ID-75,SULAWESI,ID-SL,262598.9948
2022,INDONESIA,ID,JAMBI,ID-15,SUMATERA,ID-SM,4921584.048
2022,INDONESIA,ID,JAWA BARAT,ID-32,JAWA,ID-JW,51781.5993
2022,INDONESIA,ID,JAWA TENGAH,ID-33,JAWA,ID-JW,22196.72204
2022,INDONESIA,ID,JAWA TIMUR,ID-35,JAWA,ID-JW,46633.77774
2022,INDONESIA,ID,KALIMANTAN BARAT,ID-61,KALIMANTAN,ID-KA,14436589.08
2022,INDONESIA,ID,KALIMANTAN SELATAN,ID-63,KALIMANTAN,ID-KA,1594748.617
2022,INDONESIA,ID,KALIMANTAN TENGAH,ID-62,KALIMANTAN,ID-KA,12986125.62
2022,INDONESIA,ID,KALIMANTAN TIMUR,ID-64,KALIMANTAN,ID-KA,7422790.696
2022,INDONESIA,ID,KALIMANTAN UTARA,ID-65,KALIMANTAN,ID-KA,5265480.256
2022,INDONESIA,ID,KEP. BANGKA BELITUNG,ID-19,SUMATERA,ID-SM,781171.9991
2022,INDONESIA,ID,KEP. RIAU,ID-21,SUMATERA,ID-SM,258001.6641
2022,INDONESIA,ID,LAMPUNG,ID-18,SUMATERA,ID-SM,163209.5954
2022,INDONESIA,ID,MALUKU,ID-81,MALUKU,ID-ML,914949.2611
2022,INDONESIA,ID,MALUKU UTARA,ID-82,MALUKU,ID-ML,1558391.454
2022,INDONESIA,ID,NUSA TENGGARA BARAT,ID-52,NUSA TENGGARA,ID-NU,259112.3377
2022,INDONESIA,ID,NUSA TENGGARA TIMUR,ID-53,NUSA TENGGARA,ID-NU,153421.589
2022,INDONESIA,ID,PAPUA,ID-94,PAPUA,ID-PP,5737077.556
2022,INDONESIA,ID,PAPUA BARAT,ID-91,PAPUA,ID-PP,5497296.055
2022,INDONESIA,ID,RIAU,ID-14,SUMATERA,ID-SM,7184674.976
2022,INDONESIA,ID,SULAWESI BARAT,ID-76,SULAWESI,ID-SL,300900.5858
2022,INDONESIA,ID,SULAWESI SELATAN,ID-73,SULAWESI,ID-SL,1290057.099
2022,INDONESIA,ID,SULAWESI TENGAH,ID-72,SULAWESI,ID-SL,5307518.207
2022,INDONESIA,ID,SULAWESI TENGGARA,ID-74,SULAWESI,ID-SL,1395717.267
2022,INDONESIA,ID,SULAWESI UTARA,ID-71,SULAWESI,ID-SL,178882.7551
2022,INDONESIA,ID,SUMATERA BARAT,ID-13,SUMATERA,ID-SM,8048342.81
2022,INDONESIA,ID,SUMATERA SELATAN,ID-16,SUMATERA,ID-SM,637085.0043
2022,INDONESIA,ID,SUMATERA UTARA,ID-12,SUMATERA,ID-SM,3669659.418
